COMPONENT,CALLSITE,PATH_RULE,FILESYSTEM,WRITE_MODE,CADENCE,QUEUE_BOUND,BATCH_BOUND,ROTATION_RULE,RETENTION_RULE,TEMP_AMPLIFICATION,CURRENTLY_BOUNDED,BOUND_AUTHORITY,UNKNOWN_FIELDS
SQLite main DB,core/tick_store.py and core/depth_store.py,configured TRADE_DB_PATH,configured runtime filesystem,SQLite commit,async and callback driven,tick queue 10000 depth config,configured batch,not established,not established,WAL and checkpoint peak unknown,false,source code only,retention checkpoint WAL peak
WAL/SHM,SQLite implicit journal,alongside main DB,configured runtime filesystem,SQLite WAL,writer dependent,not independently bounded,not independently bounded,not established,not established,measured only in probe,false,partial probe,WAL peak checkpoint lifecycle
tick persistence,core/tick_store.py,TRADE_DB_PATH,configured runtime filesystem,SQLite insert,async queue,10000,config batch,none,none,SQLite journal,queue bounded only,source code,session rate DB growth
depth persistence,core/depth_store.py,TRADE_DB_PATH,configured runtime filesystem,SQLite insert plus JSONL errors,async queue,config queue,one snapshot,none,none,SQLite journal plus error log,queue bounded only,source code,log retention DB growth
operational logs,core/log_writer.py and feed stores,logs_dir(),runtime or source by config,JSONL append,callback/cycle dependent,not universal,not universal,not established,not established,atomic temp where used,false,source scan,full path/cadence/retention
runtime snapshots,core/runtime_snapshot_producer.py,configured runtime and logs paths,runtime filesystem,atomic JSON replace,cycle dependent,none,one file,none,none,temporary JSON,session bounded only,source code,cycle count/session duration
Parquet export/temp,core/sqlite_snapshot_parquet_exporter.py,output-dir argument,runtime filesystem,temporary file then replace,launcher interval,none,table frame,none,not established,SQLite snapshot plus parquet temp,false,source code plus bounded probe,output retention/concurrency
CAS primitive/readiness,core/cas_primitive_producer.py and runtime,output_root, runtime filesystem,atomic JSON,0915/1000 and cycle,none,one artifact,none,session scoped,atomic temp,session bounded,source code,complete-session artifact scope
funnel/risk/seal/post-close,consumer/runtime lifecycle,output_root and configured logs,runtime filesystem,JSON/JSONL atomic or append,cycle and shutdown,not universal,not universal,not established,not established,atomic temp unknown,false,source scan,complete callsite inventory and finalization reserve
