bytes,classifications,date,parquet_count,row_count
31503,{'UNDERLYING_5M_OHLCV': 3},2024-07-09,3,225
31609,{'UNDERLYING_5M_OHLCV': 3},2024-07-10,3,225
31649,{'UNDERLYING_5M_OHLCV': 3},2024-07-11,3,225
31663,{'UNDERLYING_5M_OHLCV': 3},2024-07-12,3,225
31639,{'UNDERLYING_5M_OHLCV': 3},2024-07-15,3,225
31516,{'UNDERLYING_5M_OHLCV': 3},2024-07-16,3,225
31697,{'UNDERLYING_5M_OHLCV': 3},2024-07-18,3,225
31682,{'UNDERLYING_5M_OHLCV': 3},2024-07-19,3,225
31666,{'UNDERLYING_5M_OHLCV': 3},2024-07-22,3,225
31713,{'UNDERLYING_5M_OHLCV': 3},2024-07-23,3,225
31721,{'UNDERLYING_5M_OHLCV': 3},2024-07-24,3,225
31637,{'UNDERLYING_5M_OHLCV': 3},2024-07-25,3,225
31723,{'UNDERLYING_5M_OHLCV': 3},2024-07-26,3,225
31713,{'UNDERLYING_5M_OHLCV': 3},2024-07-29,3,225
31666,{'UNDERLYING_5M_OHLCV': 3},2024-07-30,3,225
31531,{'UNDERLYING_5M_OHLCV': 3},2024-07-31,3,225
31641,{'UNDERLYING_5M_OHLCV': 3},2024-08-01,3,225
31629,{'UNDERLYING_5M_OHLCV': 3},2024-08-02,3,225
31711,{'UNDERLYING_5M_OHLCV': 3},2024-08-05,3,225
31714,{'UNDERLYING_5M_OHLCV': 3},2024-08-06,3,225
31620,{'UNDERLYING_5M_OHLCV': 3},2024-08-07,3,225
31689,{'UNDERLYING_5M_OHLCV': 3},2024-08-08,3,225
31487,{'UNDERLYING_5M_OHLCV': 3},2024-08-09,3,225
31645,{'UNDERLYING_5M_OHLCV': 3},2024-08-12,3,225
31708,{'UNDERLYING_5M_OHLCV': 3},2024-08-13,3,225
31449,{'UNDERLYING_5M_OHLCV': 3},2024-08-14,3,225
31738,{'UNDERLYING_5M_OHLCV': 3},2024-08-16,3,225
31587,{'UNDERLYING_5M_OHLCV': 3},2024-08-19,3,225
31531,{'UNDERLYING_5M_OHLCV': 3},2024-08-20,3,225
31592,{'UNDERLYING_5M_OHLCV': 3},2024-08-21,3,225
31464,{'UNDERLYING_5M_OHLCV': 3},2024-08-22,3,225
31431,{'UNDERLYING_5M_OHLCV': 3},2024-08-23,3,225
31533,{'UNDERLYING_5M_OHLCV': 3},2024-08-26,3,225
31628,{'UNDERLYING_5M_OHLCV': 3},2024-08-27,3,225
31670,{'UNDERLYING_5M_OHLCV': 3},2024-08-28,3,225
31689,{'UNDERLYING_5M_OHLCV': 3},2024-08-29,3,225
31456,{'UNDERLYING_5M_OHLCV': 3},2024-08-30,3,225
31590,{'UNDERLYING_5M_OHLCV': 3},2024-09-02,3,225
31485,{'UNDERLYING_5M_OHLCV': 3},2024-09-03,3,225
31541,{'UNDERLYING_5M_OHLCV': 3},2024-09-04,3,225
31512,{'UNDERLYING_5M_OHLCV': 3},2024-09-05,3,225
31751,{'UNDERLYING_5M_OHLCV': 3},2024-09-06,3,225
31671,{'UNDERLYING_5M_OHLCV': 3},2024-09-09,3,225
31775,{'UNDERLYING_5M_OHLCV': 3},2024-09-10,3,225
31746,{'UNDERLYING_5M_OHLCV': 3},2024-09-11,3,225
31702,{'UNDERLYING_5M_OHLCV': 3},2024-09-12,3,225
31480,{'UNDERLYING_5M_OHLCV': 3},2024-09-13,3,225
31581,{'UNDERLYING_5M_OHLCV': 3},2024-09-16,3,225
31488,{'UNDERLYING_5M_OHLCV': 3},2024-09-17,3,225
31637,{'UNDERLYING_5M_OHLCV': 3},2024-09-18,3,225
31669,{'UNDERLYING_5M_OHLCV': 3},2024-09-19,3,225
31772,{'UNDERLYING_5M_OHLCV': 3},2024-09-20,3,225
31577,{'UNDERLYING_5M_OHLCV': 3},2024-09-23,3,225
31575,{'UNDERLYING_5M_OHLCV': 3},2024-09-24,3,225
31539,{'UNDERLYING_5M_OHLCV': 3},2024-09-25,3,225
31609,{'UNDERLYING_5M_OHLCV': 3},2024-09-26,3,225
31603,{'UNDERLYING_5M_OHLCV': 3},2024-09-27,3,225
31706,{'UNDERLYING_5M_OHLCV': 3},2024-09-30,3,225
31598,{'UNDERLYING_5M_OHLCV': 3},2024-10-01,3,225
31745,{'UNDERLYING_5M_OHLCV': 3},2024-10-03,3,225
31841,{'UNDERLYING_5M_OHLCV': 3},2024-10-04,3,225
31802,{'UNDERLYING_5M_OHLCV': 3},2024-10-07,3,225
31676,{'UNDERLYING_5M_OHLCV': 3},2024-10-08,3,225
31836,{'UNDERLYING_5M_OHLCV': 3},2024-10-09,3,225
31675,{'UNDERLYING_5M_OHLCV': 3},2024-10-10,3,225
31594,{'UNDERLYING_5M_OHLCV': 3},2024-10-11,3,225
31636,{'UNDERLYING_5M_OHLCV': 3},2024-10-14,3,225
31600,{'UNDERLYING_5M_OHLCV': 3},2024-10-15,3,225
31629,{'UNDERLYING_5M_OHLCV': 3},2024-10-16,3,225
31600,{'UNDERLYING_5M_OHLCV': 3},2024-10-17,3,225
31728,{'UNDERLYING_5M_OHLCV': 3},2024-10-18,3,225
31679,{'UNDERLYING_5M_OHLCV': 3},2024-10-21,3,225
31769,{'UNDERLYING_5M_OHLCV': 3},2024-10-22,3,225
31670,{'UNDERLYING_5M_OHLCV': 3},2024-10-23,3,225
31562,{'UNDERLYING_5M_OHLCV': 3},2024-10-24,3,225
31696,{'UNDERLYING_5M_OHLCV': 3},2024-10-25,3,225
31665,{'UNDERLYING_5M_OHLCV': 3},2024-10-28,3,225
31705,{'UNDERLYING_5M_OHLCV': 3},2024-10-29,3,225
31638,{'UNDERLYING_5M_OHLCV': 3},2024-10-30,3,225
31655,{'UNDERLYING_5M_OHLCV': 3},2024-10-31,3,225
25174,{'UNDERLYING_5M_OHLCV': 3},2024-11-01,3,36
31707,{'UNDERLYING_5M_OHLCV': 3},2024-11-04,3,225
31768,{'UNDERLYING_5M_OHLCV': 3},2024-11-05,3,225
31651,{'UNDERLYING_5M_OHLCV': 3},2024-11-06,3,225
31611,{'UNDERLYING_5M_OHLCV': 3},2024-11-07,3,225
31588,{'UNDERLYING_5M_OHLCV': 3},2024-11-08,3,225
31728,{'UNDERLYING_5M_OHLCV': 3},2024-11-11,3,225
31732,{'UNDERLYING_5M_OHLCV': 3},2024-11-12,3,225
31706,{'UNDERLYING_5M_OHLCV': 3},2024-11-13,3,225
31712,{'UNDERLYING_5M_OHLCV': 3},2024-11-14,3,225
31650,{'UNDERLYING_5M_OHLCV': 3},2024-11-18,3,225
31694,{'UNDERLYING_5M_OHLCV': 3},2024-11-19,3,225
31607,{'UNDERLYING_5M_OHLCV': 3},2024-11-21,3,225
31841,{'UNDERLYING_5M_OHLCV': 3},2024-11-22,3,225
31637,{'UNDERLYING_5M_OHLCV': 3},2024-11-25,3,225
31631,{'UNDERLYING_5M_OHLCV': 3},2024-11-26,3,225
31588,{'UNDERLYING_5M_OHLCV': 3},2024-11-27,3,225
31719,{'UNDERLYING_5M_OHLCV': 3},2024-11-28,3,225
31682,{'UNDERLYING_5M_OHLCV': 3},2024-11-29,3,225
31668,{'UNDERLYING_5M_OHLCV': 3},2024-12-02,3,225
31627,{'UNDERLYING_5M_OHLCV': 3},2024-12-03,3,225
31666,{'UNDERLYING_5M_OHLCV': 3},2024-12-04,3,225
31821,{'UNDERLYING_5M_OHLCV': 3},2024-12-05,3,225
31531,{'UNDERLYING_5M_OHLCV': 3},2024-12-06,3,225
31627,{'UNDERLYING_5M_OHLCV': 3},2024-12-09,3,225
31666,{'UNDERLYING_5M_OHLCV': 3},2024-12-10,3,225
31529,{'UNDERLYING_5M_OHLCV': 3},2024-12-11,3,225
31632,{'UNDERLYING_5M_OHLCV': 3},2024-12-12,3,225
31860,{'UNDERLYING_5M_OHLCV': 3},2024-12-13,3,225
31656,{'UNDERLYING_5M_OHLCV': 3},2024-12-16,3,225
31750,{'UNDERLYING_5M_OHLCV': 3},2024-12-17,3,225
31665,{'UNDERLYING_5M_OHLCV': 3},2024-12-18,3,225
31558,{'UNDERLYING_5M_OHLCV': 3},2024-12-19,3,225
31751,{'UNDERLYING_5M_OHLCV': 3},2024-12-20,3,225
31671,{'UNDERLYING_5M_OHLCV': 3},2024-12-23,3,225
31593,{'UNDERLYING_5M_OHLCV': 3},2024-12-24,3,225
31531,{'UNDERLYING_5M_OHLCV': 3},2024-12-26,3,225
31593,{'UNDERLYING_5M_OHLCV': 3},2024-12-27,3,225
31725,{'UNDERLYING_5M_OHLCV': 3},2024-12-30,3,225
31645,{'UNDERLYING_5M_OHLCV': 3},2024-12-31,3,225
31665,{'UNDERLYING_5M_OHLCV': 3},2025-01-01,3,225
31743,{'UNDERLYING_5M_OHLCV': 3},2025-01-02,3,225
31725,{'UNDERLYING_5M_OHLCV': 3},2025-01-03,3,225
31755,{'UNDERLYING_5M_OHLCV': 3},2025-01-06,3,225
31633,{'UNDERLYING_5M_OHLCV': 3},2025-01-07,3,225
31808,{'UNDERLYING_5M_OHLCV': 3},2025-01-08,3,225
31692,{'UNDERLYING_5M_OHLCV': 3},2025-01-09,3,225
31741,{'UNDERLYING_5M_OHLCV': 3},2025-01-10,3,225
31703,{'UNDERLYING_5M_OHLCV': 3},2025-01-13,3,225
31634,{'UNDERLYING_5M_OHLCV': 3},2025-01-14,3,225
31673,{'UNDERLYING_5M_OHLCV': 3},2025-01-15,3,225
31552,{'UNDERLYING_5M_OHLCV': 3},2025-01-16,3,225
31635,{'UNDERLYING_5M_OHLCV': 3},2025-01-17,3,225
31668,{'UNDERLYING_5M_OHLCV': 3},2025-01-20,3,225
31790,{'UNDERLYING_5M_OHLCV': 3},2025-01-21,3,225
31685,{'UNDERLYING_5M_OHLCV': 3},2025-01-22,3,225
31557,{'UNDERLYING_5M_OHLCV': 3},2025-01-23,3,225
31700,{'UNDERLYING_5M_OHLCV': 3},2025-01-24,3,225
31655,{'UNDERLYING_5M_OHLCV': 3},2025-01-27,3,225
31710,{'UNDERLYING_5M_OHLCV': 3},2025-01-28,3,225
31606,{'UNDERLYING_5M_OHLCV': 3},2025-01-29,3,225
31626,{'UNDERLYING_5M_OHLCV': 3},2025-01-30,3,225
31722,{'UNDERLYING_5M_OHLCV': 3},2025-01-31,3,225
31702,{'UNDERLYING_5M_OHLCV': 3},2025-02-03,3,225
31824,{'UNDERLYING_5M_OHLCV': 3},2025-02-04,3,225
31539,{'UNDERLYING_5M_OHLCV': 3},2025-02-05,3,225
31635,{'UNDERLYING_5M_OHLCV': 3},2025-02-06,3,225
31751,{'UNDERLYING_5M_OHLCV': 3},2025-02-07,3,225
31601,{'UNDERLYING_5M_OHLCV': 3},2025-02-10,3,225
31671,{'UNDERLYING_5M_OHLCV': 3},2025-02-11,3,225
31762,{'UNDERLYING_5M_OHLCV': 3},2025-02-12,3,225
31670,{'UNDERLYING_5M_OHLCV': 3},2025-02-13,3,225
31779,{'UNDERLYING_5M_OHLCV': 3},2025-02-14,3,225
31715,{'UNDERLYING_5M_OHLCV': 3},2025-02-17,3,225
31649,{'UNDERLYING_5M_OHLCV': 3},2025-02-18,3,225
31686,{'UNDERLYING_5M_OHLCV': 3},2025-02-19,3,225
31507,{'UNDERLYING_5M_OHLCV': 3},2025-02-20,3,225
31660,{'UNDERLYING_5M_OHLCV': 3},2025-02-21,3,225
31577,{'UNDERLYING_5M_OHLCV': 3},2025-02-24,3,225
31477,{'UNDERLYING_5M_OHLCV': 3},2025-02-25,3,225
31470,{'UNDERLYING_5M_OHLCV': 3},2025-02-27,3,225
31711,{'UNDERLYING_5M_OHLCV': 3},2025-02-28,3,225
31639,{'UNDERLYING_5M_OHLCV': 3},2025-03-03,3,225
31575,{'UNDERLYING_5M_OHLCV': 3},2025-03-04,3,225
31684,{'UNDERLYING_5M_OHLCV': 3},2025-03-05,3,225
31721,{'UNDERLYING_5M_OHLCV': 3},2025-03-06,3,225
31651,{'UNDERLYING_5M_OHLCV': 3},2025-03-07,3,225
31652,{'UNDERLYING_5M_OHLCV': 3},2025-03-10,3,225
31631,{'UNDERLYING_5M_OHLCV': 3},2025-03-11,3,225
31743,{'UNDERLYING_5M_OHLCV': 3},2025-03-12,3,225
31639,{'UNDERLYING_5M_OHLCV': 3},2025-03-13,3,225
31589,{'UNDERLYING_5M_OHLCV': 3},2025-03-17,3,225
31687,{'UNDERLYING_5M_OHLCV': 3},2025-03-18,3,225
31567,{'UNDERLYING_5M_OHLCV': 3},2025-03-19,3,225
31653,{'UNDERLYING_5M_OHLCV': 3},2025-03-20,3,225
31660,{'UNDERLYING_5M_OHLCV': 3},2025-03-21,3,225
31772,{'UNDERLYING_5M_OHLCV': 3},2025-03-24,3,225
31651,{'UNDERLYING_5M_OHLCV': 3},2025-03-25,3,225
31792,{'UNDERLYING_5M_OHLCV': 3},2025-03-26,3,225
31534,{'UNDERLYING_5M_OHLCV': 3},2025-03-27,3,225
31745,{'UNDERLYING_5M_OHLCV': 3},2025-03-28,3,225
31673,{'UNDERLYING_5M_OHLCV': 3},2025-04-01,3,225
31585,{'UNDERLYING_5M_OHLCV': 3},2025-04-02,3,225
31573,{'UNDERLYING_5M_OHLCV': 3},2025-04-03,3,225
31690,{'UNDERLYING_5M_OHLCV': 3},2025-04-04,3,225
31713,{'UNDERLYING_5M_OHLCV': 3},2025-04-07,3,225
31751,{'UNDERLYING_5M_OHLCV': 3},2025-04-08,3,225
31597,{'UNDERLYING_5M_OHLCV': 3},2025-04-09,3,225
31708,{'UNDERLYING_5M_OHLCV': 3},2025-04-11,3,225
31562,{'UNDERLYING_5M_OHLCV': 3},2025-04-15,3,225
31621,{'UNDERLYING_5M_OHLCV': 3},2025-04-16,3,225
31823,{'UNDERLYING_5M_OHLCV': 3},2025-04-17,3,225
31697,{'UNDERLYING_5M_OHLCV': 3},2025-04-21,3,225
31592,{'UNDERLYING_5M_OHLCV': 3},2025-04-22,3,225
31703,{'UNDERLYING_5M_OHLCV': 3},2025-04-23,3,225
31502,{'UNDERLYING_5M_OHLCV': 3},2025-04-24,3,225
31736,{'UNDERLYING_5M_OHLCV': 3},2025-04-25,3,225
31659,{'UNDERLYING_5M_OHLCV': 3},2025-04-28,3,225
31575,{'UNDERLYING_5M_OHLCV': 3},2025-04-29,3,225
31573,{'UNDERLYING_5M_OHLCV': 3},2025-04-30,3,225
31727,{'UNDERLYING_5M_OHLCV': 3},2025-05-02,3,225
31608,{'UNDERLYING_5M_OHLCV': 3},2025-05-05,3,225
31518,{'UNDERLYING_5M_OHLCV': 3},2025-05-06,3,225
31620,{'UNDERLYING_5M_OHLCV': 3},2025-05-07,3,225
31603,{'UNDERLYING_5M_OHLCV': 3},2025-05-08,3,225
31606,{'UNDERLYING_5M_OHLCV': 3},2025-05-09,3,225
31728,{'UNDERLYING_5M_OHLCV': 3},2025-05-12,3,225
31742,{'UNDERLYING_5M_OHLCV': 3},2025-05-13,3,225
31662,{'UNDERLYING_5M_OHLCV': 3},2025-05-14,3,225
31817,{'UNDERLYING_5M_OHLCV': 3},2025-05-15,3,225
31548,{'UNDERLYING_5M_OHLCV': 3},2025-05-16,3,225
31626,{'UNDERLYING_5M_OHLCV': 3},2025-05-19,3,225
31769,{'UNDERLYING_5M_OHLCV': 3},2025-05-20,3,225
31729,{'UNDERLYING_5M_OHLCV': 3},2025-05-21,3,225
31667,{'UNDERLYING_5M_OHLCV': 3},2025-05-22,3,225
31651,{'UNDERLYING_5M_OHLCV': 3},2025-05-23,3,225
31615,{'UNDERLYING_5M_OHLCV': 3},2025-05-26,3,225
31751,{'UNDERLYING_5M_OHLCV': 3},2025-05-27,3,225
31592,{'UNDERLYING_5M_OHLCV': 3},2025-05-28,3,225
31636,{'UNDERLYING_5M_OHLCV': 3},2025-05-29,3,225
31615,{'UNDERLYING_5M_OHLCV': 3},2025-05-30,3,225
31729,{'UNDERLYING_5M_OHLCV': 3},2025-06-02,3,225
31717,{'UNDERLYING_5M_OHLCV': 3},2025-06-03,3,225
31541,{'UNDERLYING_5M_OHLCV': 3},2025-06-04,3,225
31664,{'UNDERLYING_5M_OHLCV': 3},2025-06-05,3,225
31678,{'UNDERLYING_5M_OHLCV': 3},2025-06-06,3,225
31449,{'UNDERLYING_5M_OHLCV': 3},2025-06-09,3,225
31512,{'UNDERLYING_5M_OHLCV': 3},2025-06-10,3,225
31643,{'UNDERLYING_5M_OHLCV': 3},2025-06-11,3,225
31732,{'UNDERLYING_5M_OHLCV': 3},2025-06-12,3,225
31594,{'UNDERLYING_5M_OHLCV': 3},2025-06-13,3,225
31651,{'UNDERLYING_5M_OHLCV': 3},2025-06-16,3,225
31578,{'UNDERLYING_5M_OHLCV': 3},2025-06-17,3,225
31639,{'UNDERLYING_5M_OHLCV': 3},2025-06-18,3,225
31574,{'UNDERLYING_5M_OHLCV': 3},2025-06-19,3,225
31709,{'UNDERLYING_5M_OHLCV': 3},2025-06-20,3,225
31687,{'UNDERLYING_5M_OHLCV': 3},2025-06-23,3,225
31680,{'UNDERLYING_5M_OHLCV': 3},2025-06-24,3,225
31504,{'UNDERLYING_5M_OHLCV': 3},2025-06-25,3,225
31726,{'UNDERLYING_5M_OHLCV': 3},2025-06-26,3,225
31598,{'UNDERLYING_5M_OHLCV': 3},2025-06-27,3,225
31672,{'UNDERLYING_5M_OHLCV': 3},2025-06-30,3,225
31562,{'UNDERLYING_5M_OHLCV': 3},2025-07-01,3,225
31671,{'UNDERLYING_5M_OHLCV': 3},2025-07-02,3,225
31622,{'UNDERLYING_5M_OHLCV': 3},2025-07-03,3,225
31666,{'UNDERLYING_5M_OHLCV': 3},2025-07-04,3,225
31465,{'UNDERLYING_5M_OHLCV': 3},2025-07-07,3,225
31487,{'UNDERLYING_5M_OHLCV': 3},2025-07-08,3,225
31554,{'UNDERLYING_5M_OHLCV': 3},2025-07-09,3,225
31601,{'UNDERLYING_5M_OHLCV': 3},2025-07-10,3,225
31559,{'UNDERLYING_5M_OHLCV': 3},2025-07-11,3,225
31562,{'UNDERLYING_5M_OHLCV': 3},2025-07-14,3,225
31634,{'UNDERLYING_5M_OHLCV': 3},2025-07-15,3,225
31629,{'UNDERLYING_5M_OHLCV': 3},2025-07-16,3,225
31571,{'UNDERLYING_5M_OHLCV': 3},2025-07-17,3,225
31577,{'UNDERLYING_5M_OHLCV': 3},2025-07-18,3,225
31644,{'UNDERLYING_5M_OHLCV': 3},2025-07-21,3,225
31623,{'UNDERLYING_5M_OHLCV': 3},2025-07-22,3,225
31652,{'UNDERLYING_5M_OHLCV': 3},2025-07-23,3,225
31630,{'UNDERLYING_5M_OHLCV': 3},2025-07-24,3,225
31645,{'UNDERLYING_5M_OHLCV': 3},2025-07-25,3,225
31659,{'UNDERLYING_5M_OHLCV': 3},2025-07-28,3,225
31660,{'UNDERLYING_5M_OHLCV': 3},2025-07-29,3,225
31558,{'UNDERLYING_5M_OHLCV': 3},2025-07-30,3,225
31712,{'UNDERLYING_5M_OHLCV': 3},2025-07-31,3,225
31688,{'UNDERLYING_5M_OHLCV': 3},2025-08-01,3,225
31600,{'UNDERLYING_5M_OHLCV': 3},2025-08-04,3,225
31593,{'UNDERLYING_5M_OHLCV': 3},2025-08-05,3,225
31722,{'UNDERLYING_5M_OHLCV': 3},2025-08-06,3,225
31636,{'UNDERLYING_5M_OHLCV': 3},2025-08-07,3,225
31657,{'UNDERLYING_5M_OHLCV': 3},2025-08-08,3,225
31712,{'UNDERLYING_5M_OHLCV': 3},2025-08-11,3,225
31730,{'UNDERLYING_5M_OHLCV': 3},2025-08-12,3,225
31631,{'UNDERLYING_5M_OHLCV': 3},2025-08-13,3,225
31530,{'UNDERLYING_5M_OHLCV': 3},2025-08-14,3,225
31637,{'UNDERLYING_5M_OHLCV': 3},2025-08-18,3,225
31637,{'UNDERLYING_5M_OHLCV': 3},2025-08-19,3,225
31609,{'UNDERLYING_5M_OHLCV': 3},2025-08-20,3,225
31552,{'UNDERLYING_5M_OHLCV': 3},2025-08-21,3,225
31637,{'UNDERLYING_5M_OHLCV': 3},2025-08-22,3,225
31586,{'UNDERLYING_5M_OHLCV': 3},2025-08-25,3,225
31535,{'UNDERLYING_5M_OHLCV': 3},2025-08-26,3,225
31727,{'UNDERLYING_5M_OHLCV': 3},2025-08-28,3,225
31672,{'UNDERLYING_5M_OHLCV': 3},2025-08-29,3,225
31640,{'UNDERLYING_5M_OHLCV': 3},2025-09-01,3,225
31639,{'UNDERLYING_5M_OHLCV': 3},2025-09-02,3,225
31718,{'UNDERLYING_5M_OHLCV': 3},2025-09-03,3,225
31650,{'UNDERLYING_5M_OHLCV': 3},2025-09-04,3,225
31684,{'UNDERLYING_5M_OHLCV': 3},2025-09-05,3,225
31662,{'UNDERLYING_5M_OHLCV': 3},2025-09-08,3,225
31488,{'UNDERLYING_5M_OHLCV': 3},2025-09-09,3,225
31578,{'UNDERLYING_5M_OHLCV': 3},2025-09-10,3,225
31507,{'UNDERLYING_5M_OHLCV': 3},2025-09-11,3,225
31497,{'UNDERLYING_5M_OHLCV': 3},2025-09-12,3,225
31525,{'UNDERLYING_5M_OHLCV': 3},2025-09-15,3,225
31586,{'UNDERLYING_5M_OHLCV': 3},2025-09-16,3,225
31471,{'UNDERLYING_5M_OHLCV': 3},2025-09-17,3,225
31571,{'UNDERLYING_5M_OHLCV': 3},2025-09-18,3,225
31613,{'UNDERLYING_5M_OHLCV': 3},2025-09-19,3,225
31628,{'UNDERLYING_5M_OHLCV': 3},2025-09-22,3,225
31771,{'UNDERLYING_5M_OHLCV': 3},2025-09-23,3,225
31661,{'UNDERLYING_5M_OHLCV': 3},2025-09-24,3,225
31644,{'UNDERLYING_5M_OHLCV': 3},2025-09-25,3,225
31663,{'UNDERLYING_5M_OHLCV': 3},2025-09-26,3,225
31708,{'UNDERLYING_5M_OHLCV': 3},2025-09-29,3,225
31565,{'UNDERLYING_5M_OHLCV': 3},2025-09-30,3,225
31730,{'UNDERLYING_5M_OHLCV': 3},2025-10-01,3,225
31578,{'UNDERLYING_5M_OHLCV': 3},2025-10-03,3,225
31677,{'UNDERLYING_5M_OHLCV': 3},2025-10-06,3,225
31701,{'UNDERLYING_5M_OHLCV': 3},2025-10-07,3,225
31701,{'UNDERLYING_5M_OHLCV': 3},2025-10-08,3,225
31617,{'UNDERLYING_5M_OHLCV': 3},2025-10-09,3,225
31564,{'UNDERLYING_5M_OHLCV': 3},2025-10-10,3,225
31582,{'UNDERLYING_5M_OHLCV': 3},2025-10-13,3,225
31745,{'UNDERLYING_5M_OHLCV': 3},2025-10-14,3,225
31670,{'UNDERLYING_5M_OHLCV': 3},2025-10-15,3,225
31710,{'UNDERLYING_5M_OHLCV': 3},2025-10-16,3,225
31716,{'UNDERLYING_5M_OHLCV': 3},2025-10-17,3,225
31619,{'UNDERLYING_5M_OHLCV': 3},2025-10-20,3,225
25171,{'UNDERLYING_5M_OHLCV': 3},2025-10-21,3,36
31626,{'UNDERLYING_5M_OHLCV': 3},2025-10-23,3,225
31690,{'UNDERLYING_5M_OHLCV': 3},2025-10-24,3,225
31583,{'UNDERLYING_5M_OHLCV': 3},2025-10-27,3,225
31709,{'UNDERLYING_5M_OHLCV': 3},2025-10-28,3,225
31631,{'UNDERLYING_5M_OHLCV': 3},2025-10-29,3,225
31631,{'UNDERLYING_5M_OHLCV': 3},2025-10-30,3,225
31636,{'UNDERLYING_5M_OHLCV': 3},2025-10-31,3,225
31618,{'UNDERLYING_5M_OHLCV': 3},2025-11-03,3,225
31653,{'UNDERLYING_5M_OHLCV': 3},2025-11-04,3,225
31586,{'UNDERLYING_5M_OHLCV': 3},2025-11-06,3,225
31756,{'UNDERLYING_5M_OHLCV': 3},2025-11-07,3,225
31568,{'UNDERLYING_5M_OHLCV': 3},2025-11-10,3,225
31723,{'UNDERLYING_5M_OHLCV': 3},2025-11-11,3,225
31598,{'UNDERLYING_5M_OHLCV': 3},2025-11-12,3,225
31663,{'UNDERLYING_5M_OHLCV': 3},2025-11-13,3,225
31621,{'UNDERLYING_5M_OHLCV': 3},2025-11-14,3,225
31549,{'UNDERLYING_5M_OHLCV': 3},2025-11-17,3,225
31617,{'UNDERLYING_5M_OHLCV': 3},2025-11-18,3,225
31684,{'UNDERLYING_5M_OHLCV': 3},2025-11-19,3,225
31607,{'UNDERLYING_5M_OHLCV': 3},2025-11-20,3,225
31613,{'UNDERLYING_5M_OHLCV': 3},2025-11-21,3,225
31630,{'UNDERLYING_5M_OHLCV': 3},2025-11-24,3,225
31621,{'UNDERLYING_5M_OHLCV': 3},2025-11-25,3,225
31653,{'UNDERLYING_5M_OHLCV': 3},2025-11-26,3,225
31663,{'UNDERLYING_5M_OHLCV': 3},2025-11-27,3,225
31559,{'UNDERLYING_5M_OHLCV': 3},2025-11-28,3,225
31691,{'UNDERLYING_5M_OHLCV': 3},2025-12-01,3,225
31607,{'UNDERLYING_5M_OHLCV': 3},2025-12-02,3,225
31601,{'UNDERLYING_5M_OHLCV': 3},2025-12-03,3,225
31660,{'UNDERLYING_5M_OHLCV': 3},2025-12-04,3,225
31659,{'UNDERLYING_5M_OHLCV': 3},2025-12-05,3,225
31725,{'UNDERLYING_5M_OHLCV': 3},2025-12-08,3,225
31640,{'UNDERLYING_5M_OHLCV': 3},2025-12-09,3,225
31693,{'UNDERLYING_5M_OHLCV': 3},2025-12-10,3,225
31689,{'UNDERLYING_5M_OHLCV': 3},2025-12-11,3,225
31562,{'UNDERLYING_5M_OHLCV': 3},2025-12-12,3,225
31647,{'UNDERLYING_5M_OHLCV': 3},2025-12-15,3,225
31535,{'UNDERLYING_5M_OHLCV': 3},2025-12-16,3,225
31590,{'UNDERLYING_5M_OHLCV': 3},2025-12-17,3,225
31678,{'UNDERLYING_5M_OHLCV': 3},2025-12-18,3,225
31491,{'UNDERLYING_5M_OHLCV': 3},2025-12-19,3,225
31484,{'UNDERLYING_5M_OHLCV': 3},2025-12-22,3,225
31442,{'UNDERLYING_5M_OHLCV': 3},2025-12-23,3,225
31642,{'UNDERLYING_5M_OHLCV': 3},2025-12-24,3,225
31559,{'UNDERLYING_5M_OHLCV': 3},2025-12-26,3,225
31591,{'UNDERLYING_5M_OHLCV': 3},2025-12-29,3,225
31588,{'UNDERLYING_5M_OHLCV': 3},2025-12-30,3,225
31696,{'UNDERLYING_5M_OHLCV': 3},2025-12-31,3,225
31458,{'UNDERLYING_5M_OHLCV': 3},2026-01-01,3,225
31570,{'UNDERLYING_5M_OHLCV': 3},2026-01-02,3,225
31670,{'UNDERLYING_5M_OHLCV': 3},2026-01-05,3,225
31610,{'UNDERLYING_5M_OHLCV': 3},2026-01-06,3,225
31612,{'UNDERLYING_5M_OHLCV': 3},2026-01-07,3,225
31660,{'UNDERLYING_5M_OHLCV': 3},2026-01-08,3,225
31719,{'UNDERLYING_5M_OHLCV': 3},2026-01-09,3,225
31716,{'UNDERLYING_5M_OHLCV': 3},2026-01-12,3,225
31738,{'UNDERLYING_5M_OHLCV': 3},2026-01-13,3,225
31693,{'UNDERLYING_5M_OHLCV': 3},2026-01-14,3,225
31642,{'UNDERLYING_5M_OHLCV': 3},2026-01-16,3,225
31662,{'UNDERLYING_5M_OHLCV': 3},2026-01-19,3,225
31680,{'UNDERLYING_5M_OHLCV': 3},2026-01-20,3,225
31779,{'UNDERLYING_5M_OHLCV': 3},2026-01-21,3,225
31732,{'UNDERLYING_5M_OHLCV': 3},2026-01-22,3,225
31787,{'UNDERLYING_5M_OHLCV': 3},2026-01-23,3,225
31705,{'UNDERLYING_5M_OHLCV': 3},2026-01-27,3,225
31691,{'UNDERLYING_5M_OHLCV': 3},2026-01-28,3,225
31745,{'UNDERLYING_5M_OHLCV': 3},2026-01-29,3,225
31622,{'UNDERLYING_5M_OHLCV': 3},2026-01-30,3,225
31683,{'UNDERLYING_5M_OHLCV': 3},2026-02-02,3,225
31601,{'UNDERLYING_5M_OHLCV': 3},2026-02-03,3,225
31652,{'UNDERLYING_5M_OHLCV': 3},2026-02-04,3,225
31602,{'UNDERLYING_5M_OHLCV': 3},2026-02-05,3,225
31692,{'UNDERLYING_5M_OHLCV': 3},2026-02-06,3,225
31520,{'UNDERLYING_5M_OHLCV': 3},2026-02-09,3,225
31569,{'UNDERLYING_5M_OHLCV': 3},2026-02-10,3,225
31566,{'UNDERLYING_5M_OHLCV': 3},2026-02-11,3,225
31566,{'UNDERLYING_5M_OHLCV': 3},2026-02-12,3,225
31692,{'UNDERLYING_5M_OHLCV': 3},2026-02-13,3,225
31692,{'UNDERLYING_5M_OHLCV': 3},2026-02-16,3,225
31633,{'UNDERLYING_5M_OHLCV': 3},2026-02-17,3,225
31631,{'UNDERLYING_5M_OHLCV': 3},2026-02-18,3,225
31808,{'UNDERLYING_5M_OHLCV': 3},2026-02-19,3,225
31700,{'UNDERLYING_5M_OHLCV': 3},2026-02-20,3,225
31629,{'UNDERLYING_5M_OHLCV': 3},2026-02-23,3,225
31688,{'UNDERLYING_5M_OHLCV': 3},2026-02-24,3,225
31727,{'UNDERLYING_5M_OHLCV': 3},2026-02-25,3,225
31681,{'UNDERLYING_5M_OHLCV': 3},2026-02-26,3,225
31624,{'UNDERLYING_5M_OHLCV': 3},2026-02-27,3,225
31699,{'UNDERLYING_5M_OHLCV': 3},2026-03-02,3,225
31692,{'UNDERLYING_5M_OHLCV': 3},2026-03-04,3,225
31722,{'UNDERLYING_5M_OHLCV': 3},2026-03-05,3,225
31675,{'UNDERLYING_5M_OHLCV': 3},2026-03-06,3,225
31702,{'UNDERLYING_5M_OHLCV': 3},2026-03-09,3,225
31696,{'UNDERLYING_5M_OHLCV': 3},2026-03-10,3,225
31762,{'UNDERLYING_5M_OHLCV': 3},2026-03-11,3,225
31732,{'UNDERLYING_5M_OHLCV': 3},2026-03-12,3,225
31701,{'UNDERLYING_5M_OHLCV': 3},2026-03-13,3,225
31754,{'UNDERLYING_5M_OHLCV': 3},2026-03-16,3,225
31793,{'UNDERLYING_5M_OHLCV': 3},2026-03-17,3,225
31677,{'UNDERLYING_5M_OHLCV': 3},2026-03-18,3,225
31695,{'UNDERLYING_5M_OHLCV': 3},2026-03-19,3,225
31682,{'UNDERLYING_5M_OHLCV': 3},2026-03-20,3,225
31757,{'UNDERLYING_5M_OHLCV': 3},2026-03-23,3,225
31763,{'UNDERLYING_5M_OHLCV': 3},2026-03-24,3,225
31687,{'UNDERLYING_5M_OHLCV': 3},2026-03-25,3,225
31743,{'UNDERLYING_5M_OHLCV': 3},2026-03-27,3,225
31795,{'UNDERLYING_5M_OHLCV': 3},2026-03-30,3,225
31810,{'UNDERLYING_5M_OHLCV': 3},2026-04-01,3,225
31738,{'UNDERLYING_5M_OHLCV': 3},2026-04-02,3,225
31764,{'UNDERLYING_5M_OHLCV': 3},2026-04-06,3,225
31695,{'UNDERLYING_5M_OHLCV': 3},2026-04-07,3,225
31693,{'UNDERLYING_5M_OHLCV': 3},2026-04-08,3,225
31707,{'UNDERLYING_5M_OHLCV': 3},2026-04-09,3,225
31650,{'UNDERLYING_5M_OHLCV': 3},2026-04-10,3,225
31742,{'UNDERLYING_5M_OHLCV': 3},2026-04-13,3,225
31610,{'UNDERLYING_5M_OHLCV': 3},2026-04-15,3,225
31719,{'UNDERLYING_5M_OHLCV': 3},2026-04-16,3,225
31701,{'UNDERLYING_5M_OHLCV': 3},2026-04-17,3,225
31646,{'UNDERLYING_5M_OHLCV': 3},2026-04-20,3,225
31655,{'UNDERLYING_5M_OHLCV': 3},2026-04-21,3,225
31631,{'UNDERLYING_5M_OHLCV': 3},2026-04-22,3,225
31721,{'UNDERLYING_5M_OHLCV': 3},2026-04-23,3,225
31659,{'UNDERLYING_5M_OHLCV': 3},2026-04-24,3,225
31655,{'UNDERLYING_5M_OHLCV': 3},2026-04-27,3,225
31688,{'UNDERLYING_5M_OHLCV': 3},2026-04-28,3,225
31767,{'UNDERLYING_5M_OHLCV': 3},2026-04-29,3,225
31721,{'UNDERLYING_5M_OHLCV': 3},2026-04-30,3,225
31727,{'UNDERLYING_5M_OHLCV': 3},2026-05-04,3,225
31677,{'UNDERLYING_5M_OHLCV': 3},2026-05-05,3,225
31783,{'UNDERLYING_5M_OHLCV': 3},2026-05-06,3,225
31678,{'UNDERLYING_5M_OHLCV': 3},2026-05-07,3,225
40083,"{'UNDERLYING_5M_OHLCV': 3, 'ZERO_PRICE_PLACEHOLDER': 1}",2026-05-08,4,595
31735,{'UNDERLYING_5M_OHLCV': 3},2026-05-11,3,225
31733,{'UNDERLYING_5M_OHLCV': 3},2026-05-12,3,225
31717,{'UNDERLYING_5M_OHLCV': 3},2026-05-13,3,225
31713,{'UNDERLYING_5M_OHLCV': 3},2026-05-14,3,225
37359,"{'UNDERLYING_5M_OHLCV': 3, 'ZERO_PRICE_PLACEHOLDER': 1}",2026-05-15,4,366
37597,"{'UNDERLYING_5M_OHLCV': 3, 'ZERO_PRICE_PLACEHOLDER': 1}",2026-05-18,4,379
35987,"{'UNDERLYING_5M_OHLCV': 3, 'ZERO_PRICE_PLACEHOLDER': 1}",2026-05-19,4,228
31726,{'UNDERLYING_5M_OHLCV': 3},2026-05-20,3,225
31675,{'UNDERLYING_5M_OHLCV': 3},2026-05-21,3,225
42669,"{'UNDERLYING_5M_OHLCV': 3, 'ZERO_PRICE_PLACEHOLDER': 1}",2026-05-22,4,596
43338,"{'UNDERLYING_5M_OHLCV': 3, 'ZERO_PRICE_PLACEHOLDER': 1}",2026-05-25,4,599
31680,{'UNDERLYING_5M_OHLCV': 3},2026-05-26,3,225
37354,"{'UNDERLYING_5M_OHLCV': 3, 'ZERO_PRICE_PLACEHOLDER': 1}",2026-05-27,4,346
38767,"{'UNDERLYING_5M_OHLCV': 3, 'ZERO_PRICE_PLACEHOLDER': 1}",2026-05-29,4,543
31739,{'UNDERLYING_5M_OHLCV': 3},2026-06-01,3,225
31693,{'UNDERLYING_5M_OHLCV': 3},2026-06-02,3,225
39410,"{'UNDERLYING_5M_OHLCV': 3, 'ZERO_PRICE_PLACEHOLDER': 1}",2026-06-03,4,600
39324,"{'UNDERLYING_5M_OHLCV': 3, 'ZERO_PRICE_PLACEHOLDER': 1}",2026-06-04,4,571
40773,"{'UNDERLYING_5M_OHLCV': 3, 'ZERO_PRICE_PLACEHOLDER': 1}",2026-06-05,4,600
31744,{'UNDERLYING_5M_OHLCV': 3},2026-06-08,3,225
31732,{'UNDERLYING_5M_OHLCV': 3},2026-06-09,3,225
48142,"{'UNDERLYING_5M_OHLCV': 3, 'ZERO_PRICE_PLACEHOLDER': 2}",2026-06-10,5,825
40491,"{'UNDERLYING_5M_OHLCV': 3, 'ZERO_PRICE_PLACEHOLDER': 1}",2026-06-11,4,600
38934,"{'UNDERLYING_5M_OHLCV': 3, 'ZERO_PRICE_PLACEHOLDER': 1}",2026-06-12,4,548
49686,"{'UNDERLYING_5M_OHLCV': 3, 'ZERO_PRICE_PLACEHOLDER': 2}",2026-06-15,5,850
40853,"{'UNDERLYING_5M_OHLCV': 3, 'ZERO_PRICE_PLACEHOLDER': 1}",2026-06-16,4,592
31611,{'UNDERLYING_5M_OHLCV': 3},2026-06-17,3,225
52057,"{'UNDERLYING_5M_OHLCV': 3, 'ZERO_PRICE_PLACEHOLDER': 2}",2026-06-18,5,974
52718,"{'UNDERLYING_5M_OHLCV': 3, 'ZERO_PRICE_PLACEHOLDER': 2}",2026-06-19,5,973
43223,"{'UNDERLYING_5M_OHLCV': 3, 'ZERO_PRICE_PLACEHOLDER': 1}",2026-06-22,4,600
31692,{'UNDERLYING_5M_OHLCV': 3},2026-06-23,3,225
31700,{'UNDERLYING_5M_OHLCV': 3},2026-06-24,3,225
61017,"{'UNDERLYING_5M_OHLCV': 3, 'ZERO_PRICE_PLACEHOLDER': 2}",2026-06-25,5,975
45493,"{'UNDERLYING_5M_OHLCV': 3, 'ZERO_PRICE_PLACEHOLDER': 1}",2026-06-29,4,600
58515,"{'UNDERLYING_5M_OHLCV': 3, 'ZERO_PRICE_PLACEHOLDER': 2}",2026-06-30,5,975
46941,"{'UNDERLYING_5M_OHLCV': 3, 'ZERO_PRICE_PLACEHOLDER': 1}",2026-07-01,4,600
31601,{'UNDERLYING_5M_OHLCV': 3},2026-07-02,3,225
47276,"{'UNDERLYING_5M_OHLCV': 3, 'ZERO_PRICE_PLACEHOLDER': 1}",2026-07-03,4,600
31568,{'UNDERLYING_5M_OHLCV': 3},2026-07-06,3,225
31629,{'UNDERLYING_5M_OHLCV': 3},2026-07-07,3,225
31731,{'UNDERLYING_5M_OHLCV': 3},2026-07-08,3,225
