evidence_lane,expectancy,friction_bps_per_side,net_pnl,normalization,overlay_name,partition,profit_factor,strategy_id,trades
PRICE_STRUCTURE_CANDIDATE_OVERLAY,-400.4464285714286,0.0,-2803.1250000000005,one_lot_rupee,COMMON_OPTION_OVERLAY_V1,development,0.4970563498738435,EVENT_VOLATILITY_EXPANSION,7
PRICE_STRUCTURE_CANDIDATE_OVERLAY,1.3142857142857112,0.0,9.199999999999978,per_option_unit,COMMON_OPTION_OVERLAY_V1,development,1.1238015138772075,EVENT_VOLATILITY_EXPANSION,7
PRICE_STRUCTURE_CANDIDATE_OVERLAY,0.7567888927044052,0.0,5.297522248930837,net_return_pct,COMMON_OPTION_OVERLAY_V1,development,1.0643136592306635,EVENT_VOLATILITY_EXPANSION,7
PRICE_STRUCTURE_CANDIDATE_OVERLAY,-405.6133482142858,5.0,-2839.2934375000004,one_lot_rupee,COMMON_OPTION_OVERLAY_V1,development,0.4927960143764025,EVENT_VOLATILITY_EXPANSION,7
PRICE_STRUCTURE_CANDIDATE_OVERLAY,1.2132714285714254,5.0,8.492899999999977,per_option_unit,COMMON_OPTION_OVERLAY_V1,development,1.1137862154174396,EVENT_VOLATILITY_EXPANSION,7
PRICE_STRUCTURE_CANDIDATE_OVERLAY,0.6564104982580544,5.0,4.594873487806381,net_return_pct,COMMON_OPTION_OVERLAY_V1,development,1.0555413272822514,EVENT_VOLATILITY_EXPANSION,7
PRICE_STRUCTURE_CANDIDATE_OVERLAY,-415.94718750000004,15.0,-2911.6303125000004,one_lot_rupee,COMMON_OPTION_OVERLAY_V1,development,0.484386223189379,EVENT_VOLATILITY_EXPANSION,7
PRICE_STRUCTURE_CANDIDATE_OVERLAY,1.0112428571428544,15.0,7.078699999999981,per_option_unit,COMMON_OPTION_OVERLAY_V1,development,1.094016277398953,EVENT_VOLATILITY_EXPANSION,7
PRICE_STRUCTURE_CANDIDATE_OVERLAY,0.45565370936534905,15.0,3.1895759655574434,net_return_pct,COMMON_OPTION_OVERLAY_V1,development,1.0382229862880845,EVENT_VOLATILITY_EXPANSION,7
PRICE_STRUCTURE_CANDIDATE_OVERLAY,-426.28102678571435,25.0,-2983.9671875000004,one_lot_rupee,COMMON_OPTION_OVERLAY_V1,development,0.4761210929168612,EVENT_VOLATILITY_EXPANSION,7
PRICE_STRUCTURE_CANDIDATE_OVERLAY,0.8092142857142832,25.0,5.6644999999999825,per_option_unit,COMMON_OPTION_OVERLAY_V1,development,1.0745864117139967,EVENT_VOLATILITY_EXPANSION,7
PRICE_STRUCTURE_CANDIDATE_OVERLAY,0.25489692047264473,25.0,1.784278443308513,net_return_pct,COMMON_OPTION_OVERLAY_V1,development,1.021199976653213,EVENT_VOLATILITY_EXPANSION,7
PRICE_STRUCTURE_CANDIDATE_OVERLAY,-191.24999999999977,0.0,-191.24999999999977,one_lot_rupee,COMMON_OPTION_OVERLAY_V1,validation,0.0,EVENT_VOLATILITY_EXPANSION,1
PRICE_STRUCTURE_CANDIDATE_OVERLAY,-2.549999999999997,0.0,-2.549999999999997,per_option_unit,COMMON_OPTION_OVERLAY_V1,validation,0.0,EVENT_VOLATILITY_EXPANSION,1
PRICE_STRUCTURE_CANDIDATE_OVERLAY,-4.636363636363631,0.0,-4.636363636363631,net_return_pct,COMMON_OPTION_OVERLAY_V1,validation,0.0,EVENT_VOLATILITY_EXPANSION,1
PRICE_STRUCTURE_CANDIDATE_OVERLAY,-195.2793749999998,5.0,-195.2793749999998,one_lot_rupee,COMMON_OPTION_OVERLAY_V1,validation,0.0,EVENT_VOLATILITY_EXPANSION,1
PRICE_STRUCTURE_CANDIDATE_OVERLAY,-2.603724999999997,5.0,-2.603724999999997,per_option_unit,COMMON_OPTION_OVERLAY_V1,validation,0.0,EVENT_VOLATILITY_EXPANSION,1
PRICE_STRUCTURE_CANDIDATE_OVERLAY,-4.734045454545449,5.0,-4.734045454545449,net_return_pct,COMMON_OPTION_OVERLAY_V1,validation,0.0,EVENT_VOLATILITY_EXPANSION,1
PRICE_STRUCTURE_CANDIDATE_OVERLAY,-203.3381249999998,15.0,-203.3381249999998,one_lot_rupee,COMMON_OPTION_OVERLAY_V1,validation,0.0,EVENT_VOLATILITY_EXPANSION,1
PRICE_STRUCTURE_CANDIDATE_OVERLAY,-2.7111749999999972,15.0,-2.7111749999999972,per_option_unit,COMMON_OPTION_OVERLAY_V1,validation,0.0,EVENT_VOLATILITY_EXPANSION,1
PRICE_STRUCTURE_CANDIDATE_OVERLAY,-4.929409090909085,15.0,-4.929409090909085,net_return_pct,COMMON_OPTION_OVERLAY_V1,validation,0.0,EVENT_VOLATILITY_EXPANSION,1
PRICE_STRUCTURE_CANDIDATE_OVERLAY,-211.3968749999998,25.0,-211.3968749999998,one_lot_rupee,COMMON_OPTION_OVERLAY_V1,validation,0.0,EVENT_VOLATILITY_EXPANSION,1
PRICE_STRUCTURE_CANDIDATE_OVERLAY,-2.8186249999999973,25.0,-2.8186249999999973,per_option_unit,COMMON_OPTION_OVERLAY_V1,validation,0.0,EVENT_VOLATILITY_EXPANSION,1
PRICE_STRUCTURE_CANDIDATE_OVERLAY,-5.124772727272722,25.0,-5.124772727272722,net_return_pct,COMMON_OPTION_OVERLAY_V1,validation,0.0,EVENT_VOLATILITY_EXPANSION,1
PRICE_STRUCTURE_CANDIDATE_OVERLAY,239.4791666666667,0.0,718.4375000000001,one_lot_rupee,COMMON_OPTION_OVERLAY_V1,development,27.125000000000135,EXHAUSTION_REVERSAL,3
PRICE_STRUCTURE_CANDIDATE_OVERLAY,3.4041666666666672,0.0,10.212500000000002,per_option_unit,COMMON_OPTION_OVERLAY_V1,development,10.28409090909096,EXHAUSTION_REVERSAL,3
PRICE_STRUCTURE_CANDIDATE_OVERLAY,13.061470136766587,0.0,39.18441041029976,net_return_pct,COMMON_OPTION_OVERLAY_V1,development,60.63154820622014,EXHAUSTION_REVERSAL,3
PRICE_STRUCTURE_CANDIDATE_OVERLAY,236.61734375,5.0,709.85203125,one_lot_rupee,COMMON_OPTION_OVERLAY_V1,development,23.41313592769478,EXHAUSTION_REVERSAL,3
PRICE_STRUCTURE_CANDIDATE_OVERLAY,3.309247916666667,5.0,9.927743750000001,per_option_unit,COMMON_OPTION_OVERLAY_V1,development,8.836558195524368,EXHAUSTION_REVERSAL,3
PRICE_STRUCTURE_CANDIDATE_OVERLAY,12.954939401698205,5.0,38.864818205094615,net_return_pct,COMMON_OPTION_OVERLAY_V1,development,52.35549250134482,EXHAUSTION_REVERSAL,3
PRICE_STRUCTURE_CANDIDATE_OVERLAY,230.89369791666664,15.0,692.68109375,one_lot_rupee,COMMON_OPTION_OVERLAY_V1,development,18.31107666114779,EXHAUSTION_REVERSAL,3
PRICE_STRUCTURE_CANDIDATE_OVERLAY,3.119410416666667,15.0,9.358231250000001,per_option_unit,COMMON_OPTION_OVERLAY_V1,development,6.8468846646465495,EXHAUSTION_REVERSAL,3
PRICE_STRUCTURE_CANDIDATE_OVERLAY,12.741877931561438,15.0,38.22563379468431,net_return_pct,COMMON_OPTION_OVERLAY_V1,development,40.979826292400595,EXHAUSTION_REVERSAL,3
PRICE_STRUCTURE_CANDIDATE_OVERLAY,225.17005208333333,25.0,675.51015625,one_lot_rupee,COMMON_OPTION_OVERLAY_V1,development,14.969448752746583,EXHAUSTION_REVERSAL,3
PRICE_STRUCTURE_CANDIDATE_OVERLAY,2.9295729166666677,25.0,8.788718750000003,per_option_unit,COMMON_OPTION_OVERLAY_V1,development,5.543734651673789,EXHAUSTION_REVERSAL,3
PRICE_STRUCTURE_CANDIDATE_OVERLAY,12.52881646142467,25.0,37.58644938427401,net_return_pct,COMMON_OPTION_OVERLAY_V1,development,33.52925747409843,EXHAUSTION_REVERSAL,3
PRICE_STRUCTURE_CANDIDATE_OVERLAY,,0.0,0,one_lot_rupee,COMMON_OPTION_OVERLAY_V1,validation,,EXHAUSTION_REVERSAL,0
PRICE_STRUCTURE_CANDIDATE_OVERLAY,,0.0,0,per_option_unit,COMMON_OPTION_OVERLAY_V1,validation,,EXHAUSTION_REVERSAL,0
PRICE_STRUCTURE_CANDIDATE_OVERLAY,,0.0,0,net_return_pct,COMMON_OPTION_OVERLAY_V1,validation,,EXHAUSTION_REVERSAL,0
PRICE_STRUCTURE_CANDIDATE_OVERLAY,,5.0,0,one_lot_rupee,COMMON_OPTION_OVERLAY_V1,validation,,EXHAUSTION_REVERSAL,0
PRICE_STRUCTURE_CANDIDATE_OVERLAY,,5.0,0,per_option_unit,COMMON_OPTION_OVERLAY_V1,validation,,EXHAUSTION_REVERSAL,0
PRICE_STRUCTURE_CANDIDATE_OVERLAY,,5.0,0,net_return_pct,COMMON_OPTION_OVERLAY_V1,validation,,EXHAUSTION_REVERSAL,0
PRICE_STRUCTURE_CANDIDATE_OVERLAY,,15.0,0,one_lot_rupee,COMMON_OPTION_OVERLAY_V1,validation,,EXHAUSTION_REVERSAL,0
PRICE_STRUCTURE_CANDIDATE_OVERLAY,,15.0,0,per_option_unit,COMMON_OPTION_OVERLAY_V1,validation,,EXHAUSTION_REVERSAL,0
PRICE_STRUCTURE_CANDIDATE_OVERLAY,,15.0,0,net_return_pct,COMMON_OPTION_OVERLAY_V1,validation,,EXHAUSTION_REVERSAL,0
PRICE_STRUCTURE_CANDIDATE_OVERLAY,,25.0,0,one_lot_rupee,COMMON_OPTION_OVERLAY_V1,validation,,EXHAUSTION_REVERSAL,0
PRICE_STRUCTURE_CANDIDATE_OVERLAY,,25.0,0,per_option_unit,COMMON_OPTION_OVERLAY_V1,validation,,EXHAUSTION_REVERSAL,0
PRICE_STRUCTURE_CANDIDATE_OVERLAY,,25.0,0,net_return_pct,COMMON_OPTION_OVERLAY_V1,validation,,EXHAUSTION_REVERSAL,0
PRICE_STRUCTURE_CANDIDATE_OVERLAY,-37.23325892857146,0.0,-2085.062500000002,one_lot_rupee,COMMON_OPTION_OVERLAY_V1,development,0.9064008035373599,LATE_DAY_MOMENTUM,56
PRICE_STRUCTURE_CANDIDATE_OVERLAY,-0.6041517857142858,0.0,-33.83250000000001,per_option_unit,COMMON_OPTION_OVERLAY_V1,development,0.915280021034444,LATE_DAY_MOMENTUM,56
PRICE_STRUCTURE_CANDIDATE_OVERLAY,-0.28472151693862174,0.0,-15.944404948562818,net_return_pct,COMMON_OPTION_OVERLAY_V1,development,0.9629796693197432,LATE_DAY_MOMENTUM,56
PRICE_STRUCTURE_CANDIDATE_OVERLAY,-44.04007979910717,5.0,-2466.2444687500015,one_lot_rupee,COMMON_OPTION_OVERLAY_V1,development,0.8904145695006411,LATE_DAY_MOMENTUM,56
PRICE_STRUCTURE_CANDIDATE_OVERLAY,-0.714900066964286,5.0,-40.03440375000002,per_option_unit,COMMON_OPTION_OVERLAY_V1,development,0.9006658181430276,LATE_DAY_MOMENTUM,56
PRICE_STRUCTURE_CANDIDATE_OVERLAY,-0.38457915618015265,5.0,-21.536432746088547,net_return_pct,COMMON_OPTION_OVERLAY_V1,development,0.950362913835999,LATE_DAY_MOMENTUM,56
PRICE_STRUCTURE_CANDIDATE_OVERLAY,-57.65372154017859,15.0,-3228.608406250001,one_lot_rupee,COMMON_OPTION_OVERLAY_V1,development,0.8593974976251397,LATE_DAY_MOMENTUM,56
PRICE_STRUCTURE_CANDIDATE_OVERLAY,-0.9363966294642857,15.0,-52.43821125,per_option_unit,COMMON_OPTION_OVERLAY_V1,development,0.8722242153349805,LATE_DAY_MOMENTUM,56
PRICE_STRUCTURE_CANDIDATE_OVERLAY,-0.5842944346632136,15.0,-32.72048834113996,net_return_pct,COMMON_OPTION_OVERLAY_V1,development,0.9256770042550355,LATE_DAY_MOMENTUM,56
PRICE_STRUCTURE_CANDIDATE_OVERLAY,-71.26736328125001,25.0,-3990.9723437500006,one_lot_rupee,COMMON_OPTION_OVERLAY_V1,development,0.8295920842925116,LATE_DAY_MOMENTUM,56
PRICE_STRUCTURE_CANDIDATE_OVERLAY,-1.1578931919642859,25.0,-64.84201875000001,per_option_unit,COMMON_OPTION_OVERLAY_V1,development,0.8447854461682556,LATE_DAY_MOMENTUM,56
PRICE_STRUCTURE_CANDIDATE_OVERLAY,-0.784009713146275,25.0,-43.9045439361914,net_return_pct,COMMON_OPTION_OVERLAY_V1,development,0.9016951982649939,LATE_DAY_MOMENTUM,56
PRICE_STRUCTURE_CANDIDATE_OVERLAY,-9.463541666666591,0.0,-170.34374999999864,one_lot_rupee,COMMON_OPTION_OVERLAY_V1,validation,0.9818806134863284,LATE_DAY_MOMENTUM,18
PRICE_STRUCTURE_CANDIDATE_OVERLAY,0.25729166666666814,0.0,4.631250000000026,per_option_unit,COMMON_OPTION_OVERLAY_V1,validation,1.0345970678868244,LATE_DAY_MOMENTUM,18
PRICE_STRUCTURE_CANDIDATE_OVERLAY,0.5054952159484587,0.0,9.098913887072257,net_return_pct,COMMON_OPTION_OVERLAY_V1,validation,1.0690456760833602,LATE_DAY_MOMENTUM,18
PRICE_STRUCTURE_CANDIDATE_OVERLAY,-17.550059895833257,5.0,-315.90107812499866,one_lot_rupee,COMMON_OPTION_OVERLAY_V1,validation,0.9666534419619618,LATE_DAY_MOMENTUM,18
PRICE_STRUCTURE_CANDIDATE_OVERLAY,0.13697968750000153,5.0,2.4656343750000276,per_option_unit,COMMON_OPTION_OVERLAY_V1,validation,1.01827483270485,LATE_DAY_MOMENTUM,18
PRICE_STRUCTURE_CANDIDATE_OVERLAY,0.4052424683404847,5.0,7.2943644301287245,net_return_pct,COMMON_OPTION_OVERLAY_V1,validation,1.0549625431841385,LATE_DAY_MOMENTUM,18
PRICE_STRUCTURE_CANDIDATE_OVERLAY,-33.723096354166586,15.0,-607.0157343749986,one_lot_rupee,COMMON_OPTION_OVERLAY_V1,validation,0.9368838994250344,LATE_DAY_MOMENTUM,18
PRICE_STRUCTURE_CANDIDATE_OVERLAY,-0.10364427083333183,15.0,-1.865596874999973,per_option_unit,COMMON_OPTION_OVERLAY_V1,validation,0.9863858838688812,LATE_DAY_MOMENTUM,18
PRICE_STRUCTURE_CANDIDATE_OVERLAY,0.20473697312453648,15.0,3.6852655162416568,net_return_pct,COMMON_OPTION_OVERLAY_V1,validation,1.027382762197106,LATE_DAY_MOMENTUM,18
PRICE_STRUCTURE_CANDIDATE_OVERLAY,-49.89613281249988,25.0,-898.1303906249979,one_lot_rupee,COMMON_OPTION_OVERLAY_V1,validation,0.907993710700381,LATE_DAY_MOMENTUM,18
PRICE_STRUCTURE_CANDIDATE_OVERLAY,-0.34426822916666494,25.0,-6.196828124999969,per_option_unit,COMMON_OPTION_OVERLAY_V1,validation,0.9554660302954561,LATE_DAY_MOMENTUM,18
PRICE_STRUCTURE_CANDIDATE_OVERLAY,0.004231477908587858,25.0,0.07616660235458143,net_return_pct,COMMON_OPTION_OVERLAY_V1,validation,1.0005581948919626,LATE_DAY_MOMENTUM,18
PRICE_STRUCTURE_CANDIDATE_OVERLAY,-139.1726562500001,0.0,-5566.906250000005,one_lot_rupee,COMMON_OPTION_OVERLAY_V1,development,0.7284527043300375,MEAN_REVERSION_EXTENSION,40
PRICE_STRUCTURE_CANDIDATE_OVERLAY,-2.697343750000002,0.0,-107.89375000000008,per_option_unit,COMMON_OPTION_OVERLAY_V1,development,0.6969085124762097,MEAN_REVERSION_EXTENSION,40
PRICE_STRUCTURE_CANDIDATE_OVERLAY,-3.7766814945468803,0.0,-151.0672597818752,net_return_pct,COMMON_OPTION_OVERLAY_V1,development,0.5999419782888132,MEAN_REVERSION_EXTENSION,40
PRICE_STRUCTURE_CANDIDATE_OVERLAY,-145.39540742187512,5.0,-5815.816296875005,one_lot_rupee,COMMON_OPTION_OVERLAY_V1,development,0.7179228570641585,MEAN_REVERSION_EXTENSION,40
PRICE_STRUCTURE_CANDIDATE_OVERLAY,-2.809278578125002,5.0,-112.37114312500009,per_option_unit,COMMON_OPTION_OVERLAY_V1,development,0.6862787862659555,MEAN_REVERSION_EXTENSION,40
PRICE_STRUCTURE_CANDIDATE_OVERLAY,-3.8747931537996068,5.0,-154.99172615198427,net_return_pct,COMMON_OPTION_OVERLAY_V1,development,0.5918311874500868,MEAN_REVERSION_EXTENSION,40
PRICE_STRUCTURE_CANDIDATE_OVERLAY,-157.84090976562513,15.0,-6313.636390625005,one_lot_rupee,COMMON_OPTION_OVERLAY_V1,development,0.6972180643283006,MEAN_REVERSION_EXTENSION,40
PRICE_STRUCTURE_CANDIDATE_OVERLAY,-3.033148234375002,15.0,-121.32592937500007,per_option_unit,COMMON_OPTION_OVERLAY_V1,development,0.6654081159104002,MEAN_REVERSION_EXTENSION,40
PRICE_STRUCTURE_CANDIDATE_OVERLAY,-4.071016472305059,15.0,-162.84065889220236,net_return_pct,COMMON_OPTION_OVERLAY_V1,development,0.5758771966024083,MEAN_REVERSION_EXTENSION,40
PRICE_STRUCTURE_CANDIDATE_OVERLAY,-170.28641210937514,25.0,-6811.456484375005,one_lot_rupee,COMMON_OPTION_OVERLAY_V1,development,0.6769733308264796,MEAN_REVERSION_EXTENSION,40
PRICE_STRUCTURE_CANDIDATE_OVERLAY,-3.257017890625002,25.0,-130.28071562500008,per_option_unit,COMMON_OPTION_OVERLAY_V1,development,0.6450402122812978,MEAN_REVERSION_EXTENSION,40
PRICE_STRUCTURE_CANDIDATE_OVERLAY,-4.267239790810512,25.0,-170.68959163242047,net_return_pct,COMMON_OPTION_OVERLAY_V1,development,0.5602702909588104,MEAN_REVERSION_EXTENSION,40
PRICE_STRUCTURE_CANDIDATE_OVERLAY,-368.6515624999998,0.0,-4423.818749999998,one_lot_rupee,COMMON_OPTION_OVERLAY_V1,validation,0.5204519524443157,MEAN_REVERSION_EXTENSION,12
PRICE_STRUCTURE_CANDIDATE_OVERLAY,-5.824687499999999,0.0,-69.89624999999998,per_option_unit,COMMON_OPTION_OVERLAY_V1,validation,0.49337694342768107,MEAN_REVERSION_EXTENSION,12
PRICE_STRUCTURE_CANDIDATE_OVERLAY,-2.888196271996582,0.0,-34.65835526395898,net_return_pct,COMMON_OPTION_OVERLAY_V1,validation,0.6926001296270367,MEAN_REVERSION_EXTENSION,12
PRICE_STRUCTURE_CANDIDATE_OVERLAY,-377.1009950520832,5.0,-4525.2119406249985,one_lot_rupee,COMMON_OPTION_OVERLAY_V1,validation,0.5119303565624375,MEAN_REVERSION_EXTENSION,12
PRICE_STRUCTURE_CANDIDATE_OVERLAY,-5.949770156249998,5.0,-71.39724187499998,per_option_unit,COMMON_OPTION_OVERLAY_V1,validation,0.4851256640283087,MEAN_REVERSION_EXTENSION,12
PRICE_STRUCTURE_CANDIDATE_OVERLAY,-2.986752173860584,5.0,-35.841026086327005,net_return_pct,COMMON_OPTION_OVERLAY_V1,validation,0.6836359125742708,MEAN_REVERSION_EXTENSION,12
PRICE_STRUCTURE_CANDIDATE_OVERLAY,-393.9998601562499,15.0,-4727.9983218749985,one_lot_rupee,COMMON_OPTION_OVERLAY_V1,validation,0.4951420050894334,MEAN_REVERSION_EXTENSION,12
PRICE_STRUCTURE_CANDIDATE_OVERLAY,-6.199935468749999,15.0,-74.39922562499999,per_option_unit,COMMON_OPTION_OVERLAY_V1,validation,0.46887201090380004,MEAN_REVERSION_EXTENSION,12
PRICE_STRUCTURE_CANDIDATE_OVERLAY,-3.183863977588587,15.0,-38.20636773106305,net_return_pct,COMMON_OPTION_OVERLAY_V1,validation,0.6659631150388539,MEAN_REVERSION_EXTENSION,12
PRICE_STRUCTURE_CANDIDATE_OVERLAY,-410.89872526041654,25.0,-4930.7847031249985,one_lot_rupee,COMMON_OPTION_OVERLAY_V1,validation,0.47868505640667697,MEAN_REVERSION_EXTENSION,12
PRICE_STRUCTURE_CANDIDATE_OVERLAY,-6.450100781249997,25.0,-77.40120937499997,per_option_unit,COMMON_OPTION_OVERLAY_V1,validation,0.45294197238018574,MEAN_REVERSION_EXTENSION,12
PRICE_STRUCTURE_CANDIDATE_OVERLAY,-3.380975781316591,25.0,-40.57170937579909,net_return_pct,COMMON_OPTION_OVERLAY_V1,validation,0.6486231424234817,MEAN_REVERSION_EXTENSION,12
PRICE_STRUCTURE_CANDIDATE_OVERLAY,247.3538602941176,0.0,16820.062499999996,one_lot_rupee,COMMON_OPTION_OVERLAY_V1,development,1.439863099003153,OPENING_DRIVE,68
PRICE_STRUCTURE_CANDIDATE_OVERLAY,3.458124999999999,0.0,235.15249999999992,per_option_unit,COMMON_OPTION_OVERLAY_V1,development,1.334947636055451,OPENING_DRIVE,68
PRICE_STRUCTURE_CANDIDATE_OVERLAY,4.011240852538186,0.0,272.7643779725966,net_return_pct,COMMON_OPTION_OVERLAY_V1,development,1.4959184546474786,OPENING_DRIVE,68
PRICE_STRUCTURE_CANDIDATE_OVERLAY,239.6381833639705,5.0,16295.396468749996,one_lot_rupee,COMMON_OPTION_OVERLAY_V1,development,1.4235191479549156,OPENING_DRIVE,68
PRICE_STRUCTURE_CANDIDATE_OVERLAY,3.327026231617646,5.0,226.23778374999992,per_option_unit,COMMON_OPTION_OVERLAY_V1,development,1.3203613062814206,OPENING_DRIVE,68
PRICE_STRUCTURE_CANDIDATE_OVERLAY,3.9092352321119157,5.0,265.8279957836103,net_return_pct,COMMON_OPTION_OVERLAY_V1,development,1.4806637244158072,OPENING_DRIVE,68
PRICE_STRUCTURE_CANDIDATE_OVERLAY,224.20682950367643,15.0,15246.064406249998,one_lot_rupee,COMMON_OPTION_OVERLAY_V1,development,1.3914275895559105,OPENING_DRIVE,68
PRICE_STRUCTURE_CANDIDATE_OVERLAY,3.0648286948529404,15.0,208.40835124999995,per_option_unit,COMMON_OPTION_OVERLAY_V1,development,1.2916955506791776,OPENING_DRIVE,68
PRICE_STRUCTURE_CANDIDATE_OVERLAY,3.7052239912593783,15.0,251.95523140563773,net_return_pct,COMMON_OPTION_OVERLAY_V1,development,1.450649480696372,OPENING_DRIVE,68
PRICE_STRUCTURE_CANDIDATE_OVERLAY,208.7754756433823,25.0,14196.732343749996,one_lot_rupee,COMMON_OPTION_OVERLAY_V1,development,1.3601072700819892,OPENING_DRIVE,68
PRICE_STRUCTURE_CANDIDATE_OVERLAY,2.802631158088234,25.0,190.5789187499999,per_option_unit,COMMON_OPTION_OVERLAY_V1,development,1.263686317900803,OPENING_DRIVE,68
PRICE_STRUCTURE_CANDIDATE_OVERLAY,3.5012127504068395,25.0,238.0824670276651,net_return_pct,COMMON_OPTION_OVERLAY_V1,development,1.421277854635419,OPENING_DRIVE,68
PRICE_STRUCTURE_CANDIDATE_OVERLAY,-671.1215909090907,0.0,-7382.337499999999,one_lot_rupee,COMMON_OPTION_OVERLAY_V1,validation,0.26801284538073217,OPENING_DRIVE,11
PRICE_STRUCTURE_CANDIDATE_OVERLAY,-10.417954545454544,0.0,-114.59749999999998,per_option_unit,COMMON_OPTION_OVERLAY_V1,validation,0.25633121887116916,OPENING_DRIVE,11
PRICE_STRUCTURE_CANDIDATE_OVERLAY,-6.699355354296788,0.0,-73.69290889726467,net_return_pct,COMMON_OPTION_OVERLAY_V1,validation,0.2871140635849442,OPENING_DRIVE,11
PRICE_STRUCTURE_CANDIDATE_OVERLAY,-679.9964392045454,5.0,-7479.960831249999,one_lot_rupee,COMMON_OPTION_OVERLAY_V1,validation,0.2640485774315035,OPENING_DRIVE,11
PRICE_STRUCTURE_CANDIDATE_OVERLAY,-10.549627386363635,5.0,-116.04590124999999,per_option_unit,COMMON_OPTION_OVERLAY_V1,validation,0.2526027775707639,OPENING_DRIVE,11
PRICE_STRUCTURE_CANDIDATE_OVERLAY,-6.7960056766196395,5.0,-74.75606244281603,net_return_pct,COMMON_OPTION_OVERLAY_V1,validation,0.28271569076277075,OPENING_DRIVE,11
PRICE_STRUCTURE_CANDIDATE_OVERLAY,-697.7461357954545,15.0,-7675.207493749999,one_lot_rupee,COMMON_OPTION_OVERLAY_V1,validation,0.2563005568755059,OPENING_DRIVE,11
PRICE_STRUCTURE_CANDIDATE_OVERLAY,-10.812973068181817,15.0,-118.94270374999998,per_option_unit,COMMON_OPTION_OVERLAY_V1,validation,0.2453118527260891,OPENING_DRIVE,11
PRICE_STRUCTURE_CANDIDATE_OVERLAY,-6.989306321265343,15.0,-76.88236953391878,net_return_pct,COMMON_OPTION_OVERLAY_V1,validation,0.2741303094300753,OPENING_DRIVE,11
PRICE_STRUCTURE_CANDIDATE_OVERLAY,-715.4958323863635,25.0,-7870.454156249999,one_lot_rupee,COMMON_OPTION_OVERLAY_V1,validation,0.24878422680362833,OPENING_DRIVE,11
PRICE_STRUCTURE_CANDIDATE_OVERLAY,-11.076318749999999,25.0,-121.83950624999999,per_option_unit,COMMON_OPTION_OVERLAY_V1,validation,0.23823411711658657,OPENING_DRIVE,11
PRICE_STRUCTURE_CANDIDATE_OVERLAY,-7.182606965911046,25.0,-79.00867662502151,net_return_pct,COMMON_OPTION_OVERLAY_V1,validation,0.26581563940110914,OPENING_DRIVE,11
