timestamp,symbol,open,high,low,close,volume,oi,bid,ask,quote_timestamp,underlying,option_type,strike,expiry,provider,dataset_hash,bar_interval
2026-07-14T05:20:00,NIFTY 24000 PE 14 JUL 26,13.75,15.2,13.75,14.85,516656985.0,44771090.0,14.9,15.0,2026-07-14T05:20:59.658720970,NIFTY,PE,24000.0,2026-07-14,upstox,16f88a93c2bc7d4fdd8ff2d0ddf87573ddda7ea9f1afa434f855b04e56d43cd0,1m
2026-07-14T05:21:00,NIFTY 24000 PE 14 JUL 26,14.8,15.2,12.8,12.95,521521325.0,45394765.0,12.9,13.0,2026-07-14T05:21:59.660310984,NIFTY,PE,24000.0,2026-07-14,upstox,16f88a93c2bc7d4fdd8ff2d0ddf87573ddda7ea9f1afa434f855b04e56d43cd0,1m
2026-07-14T05:22:00,NIFTY 24000 PE 14 JUL 26,13.05,13.95,12.55,13.75,526065150.0,45185270.0,13.65,13.7,2026-07-14T05:22:59.656859875,NIFTY,PE,24000.0,2026-07-14,upstox,16f88a93c2bc7d4fdd8ff2d0ddf87573ddda7ea9f1afa434f855b04e56d43cd0,1m
2026-07-14T05:23:00,NIFTY 24000 PE 14 JUL 26,13.85,14.4,13.5,14.1,528255195.0,45306365.0,14.05,14.15,2026-07-14T05:23:59.647648096,NIFTY,PE,24000.0,2026-07-14,upstox,16f88a93c2bc7d4fdd8ff2d0ddf87573ddda7ea9f1afa434f855b04e56d43cd0,1m
2026-07-14T05:24:00,NIFTY 24000 PE 14 JUL 26,14.05,14.3,13.65,14.05,530088780.0,45646510.0,13.9,14.0,2026-07-14T05:24:59.808587074,NIFTY,PE,24000.0,2026-07-14,upstox,16f88a93c2bc7d4fdd8ff2d0ddf87573ddda7ea9f1afa434f855b04e56d43cd0,1m
2026-07-14T05:25:00,NIFTY 24000 PE 14 JUL 26,14.05,14.3,12.7,12.8,532686050.0,45630000.0,12.85,12.9,2026-07-14T05:25:59.800624847,NIFTY,PE,24000.0,2026-07-14,upstox,16f88a93c2bc7d4fdd8ff2d0ddf87573ddda7ea9f1afa434f855b04e56d43cd0,1m
2026-07-14T05:26:00,NIFTY 24000 PE 14 JUL 26,12.95,13.0,11.55,11.65,536634995.0,45772415.0,11.75,11.85,2026-07-14T05:26:59.949147940,NIFTY,PE,24000.0,2026-07-14,upstox,16f88a93c2bc7d4fdd8ff2d0ddf87573ddda7ea9f1afa434f855b04e56d43cd0,1m
2026-07-14T05:27:00,NIFTY 24000 PE 14 JUL 26,11.85,12.35,11.5,12.05,541302710.0,45456515.0,12.15,12.25,2026-07-14T05:27:59.797754765,NIFTY,PE,24000.0,2026-07-14,upstox,16f88a93c2bc7d4fdd8ff2d0ddf87573ddda7ea9f1afa434f855b04e56d43cd0,1m
2026-07-14T05:28:00,NIFTY 24000 PE 14 JUL 26,12.05,13.5,11.95,13.2,544228490.0,45449820.0,13.3,13.4,2026-07-14T05:28:59.817648888,NIFTY,PE,24000.0,2026-07-14,upstox,16f88a93c2bc7d4fdd8ff2d0ddf87573ddda7ea9f1afa434f855b04e56d43cd0,1m
2026-07-14T05:29:00,NIFTY 24000 PE 14 JUL 26,13.2,13.25,12.3,12.9,546575055.0,45858280.0,13.1,13.15,2026-07-14T05:29:59.944424868,NIFTY,PE,24000.0,2026-07-14,upstox,16f88a93c2bc7d4fdd8ff2d0ddf87573ddda7ea9f1afa434f855b04e56d43cd0,1m
2026-07-14T05:30:00,NIFTY 24000 PE 14 JUL 26,12.9,12.9,11.8,12.1,549034200.0,46177235.0,12.15,12.25,2026-07-14T05:30:59.936518908,NIFTY,PE,24000.0,2026-07-14,upstox,16f88a93c2bc7d4fdd8ff2d0ddf87573ddda7ea9f1afa434f855b04e56d43cd0,1m
2026-07-14T05:31:00,NIFTY 24000 PE 14 JUL 26,12.1,12.35,11.6,12.25,551032560.0,46319520.0,12.15,12.2,2026-07-14T05:31:59.939976931,NIFTY,PE,24000.0,2026-07-14,upstox,16f88a93c2bc7d4fdd8ff2d0ddf87573ddda7ea9f1afa434f855b04e56d43cd0,1m
2026-07-14T05:32:00,NIFTY 24000 PE 14 JUL 26,12.2,12.7,12.0,12.1,552985225.0,46487480.0,12.05,12.1,2026-07-14T05:32:59.942206860,NIFTY,PE,24000.0,2026-07-14,upstox,16f88a93c2bc7d4fdd8ff2d0ddf87573ddda7ea9f1afa434f855b04e56d43cd0,1m
2026-07-14T05:33:00,NIFTY 24000 PE 14 JUL 26,12.15,12.15,11.3,11.9,554982090.0,46663045.0,11.85,11.95,2026-07-14T05:33:59.479691982,NIFTY,PE,24000.0,2026-07-14,upstox,16f88a93c2bc7d4fdd8ff2d0ddf87573ddda7ea9f1afa434f855b04e56d43cd0,1m
2026-07-14T05:34:00,NIFTY 24000 PE 14 JUL 26,11.9,13.1,11.4,12.75,557498760.0,46386340.0,12.7,12.75,2026-07-14T05:34:59.340506792,NIFTY,PE,24000.0,2026-07-14,upstox,16f88a93c2bc7d4fdd8ff2d0ddf87573ddda7ea9f1afa434f855b04e56d43cd0,1m
2026-07-14T05:35:00,NIFTY 24000 PE 14 JUL 26,12.65,12.9,11.95,12.45,559486200.0,46686835.0,12.45,12.5,2026-07-14T05:35:59.488609076,NIFTY,PE,24000.0,2026-07-14,upstox,16f88a93c2bc7d4fdd8ff2d0ddf87573ddda7ea9f1afa434f855b04e56d43cd0,1m
2026-07-14T05:36:00,NIFTY 24000 PE 14 JUL 26,12.45,12.9,11.75,12.75,561070055.0,46658040.0,12.7,12.75,2026-07-14T05:36:59.190397024,NIFTY,PE,24000.0,2026-07-14,upstox,16f88a93c2bc7d4fdd8ff2d0ddf87573ddda7ea9f1afa434f855b04e56d43cd0,1m
2026-07-14T05:37:00,NIFTY 24000 PE 14 JUL 26,12.7,12.95,12.2,12.4,563270955.0,47204755.0,12.4,12.45,2026-07-14T05:37:59.183357,NIFTY,PE,24000.0,2026-07-14,upstox,16f88a93c2bc7d4fdd8ff2d0ddf87573ddda7ea9f1afa434f855b04e56d43cd0,1m
2026-07-14T05:38:00,NIFTY 24000 PE 14 JUL 26,12.35,13.2,11.8,12.45,565391970.0,47241870.0,12.35,12.4,2026-07-14T05:38:59.186703920,NIFTY,PE,24000.0,2026-07-14,upstox,16f88a93c2bc7d4fdd8ff2d0ddf87573ddda7ea9f1afa434f855b04e56d43cd0,1m
2026-07-14T05:39:00,NIFTY 24000 PE 14 JUL 26,12.4,12.95,11.5,11.9,567369205.0,47448440.0,11.8,11.9,2026-07-14T05:39:59.934174061,NIFTY,PE,24000.0,2026-07-14,upstox,16f88a93c2bc7d4fdd8ff2d0ddf87573ddda7ea9f1afa434f855b04e56d43cd0,1m
2026-07-14T05:40:00,NIFTY 24000 PE 14 JUL 26,11.9,12.6,11.55,12.25,569042500.0,47528650.0,12.1,12.15,2026-07-14T05:40:59.329225063,NIFTY,PE,24000.0,2026-07-14,upstox,16f88a93c2bc7d4fdd8ff2d0ddf87573ddda7ea9f1afa434f855b04e56d43cd0,1m
2026-07-14T05:41:00,NIFTY 24000 PE 14 JUL 26,12.35,12.45,11.15,11.3,571220000.0,47584680.0,11.3,11.4,2026-07-14T05:41:59.623937130,NIFTY,PE,24000.0,2026-07-14,upstox,16f88a93c2bc7d4fdd8ff2d0ddf87573ddda7ea9f1afa434f855b04e56d43cd0,1m
2026-07-14T05:42:00,NIFTY 24000 PE 14 JUL 26,11.3,11.75,10.55,10.85,575544320.0,47296405.0,10.75,10.85,2026-07-14T05:42:59.341308832,NIFTY,PE,24000.0,2026-07-14,upstox,16f88a93c2bc7d4fdd8ff2d0ddf87573ddda7ea9f1afa434f855b04e56d43cd0,1m
2026-07-14T05:43:00,NIFTY 24000 PE 14 JUL 26,10.85,10.9,9.8,9.8,580335080.0,47236865.0,9.9,9.95,2026-07-14T05:43:59.329723835,NIFTY,PE,24000.0,2026-07-14,upstox,16f88a93c2bc7d4fdd8ff2d0ddf87573ddda7ea9f1afa434f855b04e56d43cd0,1m
2026-07-14T05:44:00,NIFTY 24000 PE 14 JUL 26,9.95,10.4,9.75,10.15,583956230.0,46718295.0,10.15,10.2,2026-07-14T05:44:59.503194094,NIFTY,PE,24000.0,2026-07-14,upstox,16f88a93c2bc7d4fdd8ff2d0ddf87573ddda7ea9f1afa434f855b04e56d43cd0,1m
2026-07-14T05:45:00,NIFTY 24000 PE 14 JUL 26,10.2,10.9,10.0,10.7,586756365.0,47093085.0,10.65,10.75,2026-07-14T05:45:59.918025017,NIFTY,PE,24000.0,2026-07-14,upstox,16f88a93c2bc7d4fdd8ff2d0ddf87573ddda7ea9f1afa434f855b04e56d43cd0,1m
2026-07-14T05:46:00,NIFTY 24000 PE 14 JUL 26,10.75,11.45,10.45,11.4,589457375.0,47274630.0,11.4,11.45,2026-07-14T05:46:59.467798948,NIFTY,PE,24000.0,2026-07-14,upstox,16f88a93c2bc7d4fdd8ff2d0ddf87573ddda7ea9f1afa434f855b04e56d43cd0,1m
2026-07-14T05:47:00,NIFTY 24000 PE 14 JUL 26,11.35,11.5,10.95,11.4,591697990.0,47411195.0,11.3,11.4,2026-07-14T05:47:59.461382866,NIFTY,PE,24000.0,2026-07-14,upstox,16f88a93c2bc7d4fdd8ff2d0ddf87573ddda7ea9f1afa434f855b04e56d43cd0,1m
2026-07-14T05:48:00,NIFTY 24000 PE 14 JUL 26,11.3,11.7,10.7,10.7,594202895.0,47766875.0,10.7,10.75,2026-07-14T05:48:59.946576834,NIFTY,PE,24000.0,2026-07-14,upstox,16f88a93c2bc7d4fdd8ff2d0ddf87573ddda7ea9f1afa434f855b04e56d43cd0,1m
2026-07-14T05:49:00,NIFTY 24000 PE 14 JUL 26,10.8,11.4,10.35,11.2,595836020.0,47484515.0,11.15,11.2,2026-07-14T05:49:59.907042980,NIFTY,PE,24000.0,2026-07-14,upstox,16f88a93c2bc7d4fdd8ff2d0ddf87573ddda7ea9f1afa434f855b04e56d43cd0,1m
2026-07-14T05:50:00,NIFTY 24000 PE 14 JUL 26,11.2,12.05,11.15,11.7,598305500.0,47889010.0,11.7,11.75,2026-07-14T05:50:59.614336967,NIFTY,PE,24000.0,2026-07-14,upstox,16f88a93c2bc7d4fdd8ff2d0ddf87573ddda7ea9f1afa434f855b04e56d43cd0,1m
2026-07-14T05:51:00,NIFTY 24000 PE 14 JUL 26,11.75,11.75,10.6,11.1,600558660.0,47994700.0,11.25,11.3,2026-07-14T05:51:59.667788982,NIFTY,PE,24000.0,2026-07-14,upstox,16f88a93c2bc7d4fdd8ff2d0ddf87573ddda7ea9f1afa434f855b04e56d43cd0,1m
2026-07-14T05:52:00,NIFTY 24000 PE 14 JUL 26,11.0,11.15,10.2,10.5,602241315.0,47897135.0,10.5,10.6,2026-07-14T05:52:59.799860954,NIFTY,PE,24000.0,2026-07-14,upstox,16f88a93c2bc7d4fdd8ff2d0ddf87573ddda7ea9f1afa434f855b04e56d43cd0,1m
2026-07-14T05:53:00,NIFTY 24000 PE 14 JUL 26,10.6,10.65,10.0,10.3,604130020.0,47883030.0,10.35,10.4,2026-07-14T05:53:59.881124020,NIFTY,PE,24000.0,2026-07-14,upstox,16f88a93c2bc7d4fdd8ff2d0ddf87573ddda7ea9f1afa434f855b04e56d43cd0,1m
2026-07-14T05:54:00,NIFTY 24000 PE 14 JUL 26,10.25,10.7,9.75,10.15,605964320.0,47846240.0,10.05,10.1,2026-07-14T05:54:59.810680151,NIFTY,PE,24000.0,2026-07-14,upstox,16f88a93c2bc7d4fdd8ff2d0ddf87573ddda7ea9f1afa434f855b04e56d43cd0,1m
2026-07-14T05:55:00,NIFTY 24000 PE 14 JUL 26,10.15,10.9,10.1,10.5,607634105.0,48098375.0,10.55,10.6,2026-07-14T05:55:59.796052933,NIFTY,PE,24000.0,2026-07-14,upstox,16f88a93c2bc7d4fdd8ff2d0ddf87573ddda7ea9f1afa434f855b04e56d43cd0,1m
2026-07-14T05:56:00,NIFTY 24000 PE 14 JUL 26,10.55,10.55,10.05,10.2,608809565.0,48217455.0,10.2,10.25,2026-07-14T05:56:59.800338030,NIFTY,PE,24000.0,2026-07-14,upstox,16f88a93c2bc7d4fdd8ff2d0ddf87573ddda7ea9f1afa434f855b04e56d43cd0,1m
2026-07-14T05:57:00,NIFTY 24000 PE 14 JUL 26,10.2,10.7,10.1,10.3,609684270.0,48180405.0,10.3,10.35,2026-07-14T05:57:59.479146957,NIFTY,PE,24000.0,2026-07-14,upstox,16f88a93c2bc7d4fdd8ff2d0ddf87573ddda7ea9f1afa434f855b04e56d43cd0,1m
2026-07-14T05:58:00,NIFTY 24000 PE 14 JUL 26,10.35,10.45,9.55,10.2,612000025.0,48099480.0,10.2,10.3,2026-07-14T05:58:59.325354099,NIFTY,PE,24000.0,2026-07-14,upstox,16f88a93c2bc7d4fdd8ff2d0ddf87573ddda7ea9f1afa434f855b04e56d43cd0,1m
2026-07-14T05:59:00,NIFTY 24000 PE 14 JUL 26,10.2,10.55,9.4,9.75,613910635.0,48128665.0,9.8,9.85,2026-07-14T05:59:59.954077959,NIFTY,PE,24000.0,2026-07-14,upstox,16f88a93c2bc7d4fdd8ff2d0ddf87573ddda7ea9f1afa434f855b04e56d43cd0,1m
2026-07-14T06:00:00,NIFTY 24000 PE 14 JUL 26,9.8,10.25,9.8,10.15,615385810.0,48303190.0,10.05,10.1,2026-07-14T06:00:59.951909065,NIFTY,PE,24000.0,2026-07-14,upstox,16f88a93c2bc7d4fdd8ff2d0ddf87573ddda7ea9f1afa434f855b04e56d43cd0,1m
2026-07-14T06:01:00,NIFTY 24000 PE 14 JUL 26,10.15,10.3,9.7,10.2,616720910.0,48116445.0,10.15,10.2,2026-07-14T06:01:59.147696018,NIFTY,PE,24000.0,2026-07-14,upstox,16f88a93c2bc7d4fdd8ff2d0ddf87573ddda7ea9f1afa434f855b04e56d43cd0,1m
2026-07-14T06:02:00,NIFTY 24000 PE 14 JUL 26,10.2,10.85,9.85,10.85,618596420.0,48177285.0,10.75,10.85,2026-07-14T06:02:59.049042940,NIFTY,PE,24000.0,2026-07-14,upstox,16f88a93c2bc7d4fdd8ff2d0ddf87573ddda7ea9f1afa434f855b04e56d43cd0,1m
2026-07-14T06:03:00,NIFTY 24000 PE 14 JUL 26,10.9,11.25,10.6,10.7,620738690.0,48476025.0,10.6,10.65,2026-07-14T06:03:59.670795918,NIFTY,PE,24000.0,2026-07-14,upstox,16f88a93c2bc7d4fdd8ff2d0ddf87573ddda7ea9f1afa434f855b04e56d43cd0,1m
2026-07-14T06:04:00,NIFTY 24000 PE 14 JUL 26,10.7,11.25,10.3,10.95,622536785.0,48552140.0,10.95,11.0,2026-07-14T06:04:59.180119038,NIFTY,PE,24000.0,2026-07-14,upstox,16f88a93c2bc7d4fdd8ff2d0ddf87573ddda7ea9f1afa434f855b04e56d43cd0,1m
2026-07-14T06:05:00,NIFTY 24000 PE 14 JUL 26,10.85,11.1,10.7,10.85,623946505.0,48829885.0,10.85,10.95,2026-07-14T06:05:59.765980959,NIFTY,PE,24000.0,2026-07-14,upstox,16f88a93c2bc7d4fdd8ff2d0ddf87573ddda7ea9f1afa434f855b04e56d43cd0,1m
2026-07-14T06:06:00,NIFTY 24000 PE 14 JUL 26,10.95,11.9,10.25,11.85,626992080.0,48956505.0,11.85,11.9,2026-07-14T06:06:59.504779100,NIFTY,PE,24000.0,2026-07-14,upstox,16f88a93c2bc7d4fdd8ff2d0ddf87573ddda7ea9f1afa434f855b04e56d43cd0,1m
2026-07-14T06:07:00,NIFTY 24000 PE 14 JUL 26,11.9,13.45,11.3,13.25,632307260.0,49213125.0,13.3,13.35,2026-07-14T06:07:59.184827805,NIFTY,PE,24000.0,2026-07-14,upstox,16f88a93c2bc7d4fdd8ff2d0ddf87573ddda7ea9f1afa434f855b04e56d43cd0,1m
2026-07-14T06:08:00,NIFTY 24000 PE 14 JUL 26,12.95,14.2,11.9,13.8,638205880.0,49396490.0,13.9,13.95,2026-07-14T06:08:59.203364134,NIFTY,PE,24000.0,2026-07-14,upstox,16f88a93c2bc7d4fdd8ff2d0ddf87573ddda7ea9f1afa434f855b04e56d43cd0,1m
2026-07-14T06:09:00,NIFTY 24000 PE 14 JUL 26,13.9,14.0,11.65,11.65,643117670.0,49445435.0,11.65,11.75,2026-07-14T06:09:59.405861855,NIFTY,PE,24000.0,2026-07-14,upstox,16f88a93c2bc7d4fdd8ff2d0ddf87573ddda7ea9f1afa434f855b04e56d43cd0,1m
2026-07-14T06:10:00,NIFTY 24000 PE 14 JUL 26,11.7,12.9,11.5,12.35,646584380.0,49852855.0,12.3,12.4,2026-07-14T06:10:59.933876038,NIFTY,PE,24000.0,2026-07-14,upstox,16f88a93c2bc7d4fdd8ff2d0ddf87573ddda7ea9f1afa434f855b04e56d43cd0,1m
2026-07-14T06:11:00,NIFTY 24000 PE 14 JUL 26,12.45,14.7,12.45,13.65,652332915.0,50289590.0,13.65,13.7,2026-07-14T06:11:59.632998943,NIFTY,PE,24000.0,2026-07-14,upstox,16f88a93c2bc7d4fdd8ff2d0ddf87573ddda7ea9f1afa434f855b04e56d43cd0,1m
2026-07-14T06:12:00,NIFTY 24000 PE 14 JUL 26,13.4,14.35,12.65,14.2,656088615.0,50568115.0,14.1,14.2,2026-07-14T06:12:59.694634914,NIFTY,PE,24000.0,2026-07-14,upstox,16f88a93c2bc7d4fdd8ff2d0ddf87573ddda7ea9f1afa434f855b04e56d43cd0,1m
2026-07-14T06:13:00,NIFTY 24000 PE 14 JUL 26,14.15,15.95,12.35,12.45,663917605.0,50304475.0,12.35,12.45,2026-07-14T06:13:59.469603062,NIFTY,PE,24000.0,2026-07-14,upstox,16f88a93c2bc7d4fdd8ff2d0ddf87573ddda7ea9f1afa434f855b04e56d43cd0,1m
2026-07-14T06:14:00,NIFTY 24000 PE 14 JUL 26,12.4,13.5,12.0,13.15,667394910.0,50304475.0,13.15,13.25,2026-07-14T06:14:59.487703085,NIFTY,PE,24000.0,2026-07-14,upstox,16f88a93c2bc7d4fdd8ff2d0ddf87573ddda7ea9f1afa434f855b04e56d43cd0,1m
2026-07-14T06:15:00,NIFTY 24000 PE 14 JUL 26,13.15,13.95,12.85,12.85,670181915.0,50497720.0,12.95,13.05,2026-07-14T06:15:59.530004978,NIFTY,PE,24000.0,2026-07-14,upstox,16f88a93c2bc7d4fdd8ff2d0ddf87573ddda7ea9f1afa434f855b04e56d43cd0,1m
2026-07-14T06:16:00,NIFTY 24000 PE 14 JUL 26,12.95,13.7,12.45,12.75,672812725.0,50640070.0,12.5,12.55,2026-07-14T06:16:59.697935104,NIFTY,PE,24000.0,2026-07-14,upstox,16f88a93c2bc7d4fdd8ff2d0ddf87573ddda7ea9f1afa434f855b04e56d43cd0,1m
2026-07-14T06:17:00,NIFTY 24000 PE 14 JUL 26,12.65,12.9,11.7,12.35,675805650.0,50728860.0,12.25,12.35,2026-07-14T06:17:59.920007944,NIFTY,PE,24000.0,2026-07-14,upstox,16f88a93c2bc7d4fdd8ff2d0ddf87573ddda7ea9f1afa434f855b04e56d43cd0,1m
2026-07-14T06:18:00,NIFTY 24000 PE 14 JUL 26,12.3,12.6,11.2,11.3,678502890.0,50640980.0,11.25,11.3,2026-07-14T06:18:59.906097889,NIFTY,PE,24000.0,2026-07-14,upstox,16f88a93c2bc7d4fdd8ff2d0ddf87573ddda7ea9f1afa434f855b04e56d43cd0,1m
2026-07-14T06:19:00,NIFTY 24000 PE 14 JUL 26,11.2,12.1,11.0,11.7,681171790.0,50445330.0,11.55,11.6,2026-07-14T06:19:59.661885023,NIFTY,PE,24000.0,2026-07-14,upstox,16f88a93c2bc7d4fdd8ff2d0ddf87573ddda7ea9f1afa434f855b04e56d43cd0,1m
2026-07-14T06:20:00,NIFTY 24000 PE 14 JUL 26,11.6,11.8,10.3,10.7,684767655.0,50436815.0,10.7,10.8,2026-07-14T06:20:59.971067905,NIFTY,PE,24000.0,2026-07-14,upstox,16f88a93c2bc7d4fdd8ff2d0ddf87573ddda7ea9f1afa434f855b04e56d43cd0,1m
2026-07-14T06:21:00,NIFTY 24000 PE 14 JUL 26,10.9,10.9,8.85,8.9,691381535.0,50279060.0,8.85,8.9,2026-07-14T06:21:59.915419817,NIFTY,PE,24000.0,2026-07-14,upstox,16f88a93c2bc7d4fdd8ff2d0ddf87573ddda7ea9f1afa434f855b04e56d43cd0,1m
2026-07-14T06:22:00,NIFTY 24000 PE 14 JUL 26,8.9,10.0,8.85,9.45,695312995.0,49697245.0,9.45,9.5,2026-07-14T06:22:59.767216921,NIFTY,PE,24000.0,2026-07-14,upstox,16f88a93c2bc7d4fdd8ff2d0ddf87573ddda7ea9f1afa434f855b04e56d43cd0,1m
2026-07-14T06:23:00,NIFTY 24000 PE 14 JUL 26,9.5,10.2,9.4,10.0,697392930.0,49620935.0,9.95,10.0,2026-07-14T06:23:59.690635920,NIFTY,PE,24000.0,2026-07-14,upstox,16f88a93c2bc7d4fdd8ff2d0ddf87573ddda7ea9f1afa434f855b04e56d43cd0,1m
2026-07-14T06:24:00,NIFTY 24000 PE 14 JUL 26,10.05,11.7,9.95,11.65,701378860.0,49830235.0,11.55,11.65,2026-07-14T06:24:59.798863173,NIFTY,PE,24000.0,2026-07-14,upstox,16f88a93c2bc7d4fdd8ff2d0ddf87573ddda7ea9f1afa434f855b04e56d43cd0,1m
2026-07-14T06:25:00,NIFTY 24000 PE 14 JUL 26,11.7,13.0,11.7,12.8,706258475.0,50079900.0,12.8,12.85,2026-07-14T06:25:59.888900042,NIFTY,PE,24000.0,2026-07-14,upstox,16f88a93c2bc7d4fdd8ff2d0ddf87573ddda7ea9f1afa434f855b04e56d43cd0,1m
2026-07-14T06:26:00,NIFTY 24000 PE 14 JUL 26,12.85,14.15,12.4,13.85,711010170.0,50344710.0,13.7,13.75,2026-07-14T06:26:59.932272196,NIFTY,PE,24000.0,2026-07-14,upstox,16f88a93c2bc7d4fdd8ff2d0ddf87573ddda7ea9f1afa434f855b04e56d43cd0,1m
2026-07-14T06:27:00,NIFTY 24000 PE 14 JUL 26,13.85,14.3,13.0,14.0,715653900.0,50224655.0,13.85,13.9,2026-07-14T06:27:59.955945969,NIFTY,PE,24000.0,2026-07-14,upstox,16f88a93c2bc7d4fdd8ff2d0ddf87573ddda7ea9f1afa434f855b04e56d43cd0,1m
2026-07-14T06:28:00,NIFTY 24000 PE 14 JUL 26,13.9,14.45,12.9,13.1,720520840.0,50492455.0,13.05,13.1,2026-07-14T06:28:59.972165823,NIFTY,PE,24000.0,2026-07-14,upstox,16f88a93c2bc7d4fdd8ff2d0ddf87573ddda7ea9f1afa434f855b04e56d43cd0,1m
2026-07-14T06:29:00,NIFTY 24000 PE 14 JUL 26,13.1,13.25,11.55,12.25,724272380.0,50778975.0,12.2,12.3,2026-07-14T06:29:59.039226770,NIFTY,PE,24000.0,2026-07-14,upstox,16f88a93c2bc7d4fdd8ff2d0ddf87573ddda7ea9f1afa434f855b04e56d43cd0,1m
2026-07-14T06:30:00,NIFTY 24000 PE 14 JUL 26,12.1,12.45,10.2,10.2,728345995.0,50411010.0,10.15,10.2,2026-07-14T06:30:59.051593065,NIFTY,PE,24000.0,2026-07-14,upstox,16f88a93c2bc7d4fdd8ff2d0ddf87573ddda7ea9f1afa434f855b04e56d43cd0,1m
2026-07-14T06:31:00,NIFTY 24000 PE 14 JUL 26,10.0,10.3,9.5,10.0,732919460.0,50031475.0,10.05,10.1,2026-07-14T06:31:59.046946049,NIFTY,PE,24000.0,2026-07-14,upstox,16f88a93c2bc7d4fdd8ff2d0ddf87573ddda7ea9f1afa434f855b04e56d43cd0,1m
2026-07-14T06:32:00,NIFTY 24000 PE 14 JUL 26,9.95,10.05,8.8,9.35,737597770.0,50404315.0,9.3,9.35,2026-07-14T06:32:59.640129089,NIFTY,PE,24000.0,2026-07-14,upstox,16f88a93c2bc7d4fdd8ff2d0ddf87573ddda7ea9f1afa434f855b04e56d43cd0,1m
2026-07-14T06:33:00,NIFTY 24000 PE 14 JUL 26,9.35,10.35,9.3,10.0,740375090.0,50472760.0,9.9,9.95,2026-07-14T06:33:59.184962034,NIFTY,PE,24000.0,2026-07-14,upstox,16f88a93c2bc7d4fdd8ff2d0ddf87573ddda7ea9f1afa434f855b04e56d43cd0,1m
2026-07-14T06:34:00,NIFTY 24000 PE 14 JUL 26,9.8,10.75,9.5,10.45,743177955.0,50358360.0,10.4,10.45,2026-07-14T06:34:59.651111841,NIFTY,PE,24000.0,2026-07-14,upstox,16f88a93c2bc7d4fdd8ff2d0ddf87573ddda7ea9f1afa434f855b04e56d43cd0,1m
2026-07-14T06:35:00,NIFTY 24000 PE 14 JUL 26,10.5,11.25,10.5,10.6,745928430.0,50854960.0,10.55,10.6,2026-07-14T06:35:59.952351093,NIFTY,PE,24000.0,2026-07-14,upstox,16f88a93c2bc7d4fdd8ff2d0ddf87573ddda7ea9f1afa434f855b04e56d43cd0,1m
2026-07-14T06:36:00,NIFTY 24000 PE 14 JUL 26,10.6,12.7,10.55,12.7,748972575.0,51064975.0,12.7,12.75,2026-07-14T06:36:59.187682152,NIFTY,PE,24000.0,2026-07-14,upstox,16f88a93c2bc7d4fdd8ff2d0ddf87573ddda7ea9f1afa434f855b04e56d43cd0,1m
2026-07-14T06:37:00,NIFTY 24000 PE 14 JUL 26,12.5,14.85,11.9,13.9,755795755.0,51105665.0,13.85,13.95,2026-07-14T06:37:59.337537050,NIFTY,PE,24000.0,2026-07-14,upstox,16f88a93c2bc7d4fdd8ff2d0ddf87573ddda7ea9f1afa434f855b04e56d43cd0,1m
2026-07-14T06:38:00,NIFTY 24000 PE 14 JUL 26,13.8,14.3,12.95,13.45,761084220.0,50763050.0,13.45,13.55,2026-07-14T06:38:59.361135006,NIFTY,PE,24000.0,2026-07-14,upstox,16f88a93c2bc7d4fdd8ff2d0ddf87573ddda7ea9f1afa434f855b04e56d43cd0,1m
2026-07-14T06:39:00,NIFTY 24000 PE 14 JUL 26,13.45,13.45,11.55,12.35,765593140.0,51203360.0,12.5,12.55,2026-07-14T06:39:59.364418030,NIFTY,PE,24000.0,2026-07-14,upstox,16f88a93c2bc7d4fdd8ff2d0ddf87573ddda7ea9f1afa434f855b04e56d43cd0,1m
2026-07-14T06:40:00,NIFTY 24000 PE 14 JUL 26,12.35,13.4,12.05,13.4,768489800.0,51087530.0,13.35,13.4,2026-07-14T06:40:59.668121099,NIFTY,PE,24000.0,2026-07-14,upstox,16f88a93c2bc7d4fdd8ff2d0ddf87573ddda7ea9f1afa434f855b04e56d43cd0,1m
2026-07-14T06:41:00,NIFTY 24000 PE 14 JUL 26,13.4,13.55,12.1,12.5,771435275.0,51568205.0,12.4,12.45,2026-07-14T06:41:59.367120981,NIFTY,PE,24000.0,2026-07-14,upstox,16f88a93c2bc7d4fdd8ff2d0ddf87573ddda7ea9f1afa434f855b04e56d43cd0,1m
2026-07-14T06:42:00,NIFTY 24000 PE 14 JUL 26,12.4,12.8,11.5,12.65,774262840.0,51780235.0,12.65,12.75,2026-07-14T06:42:59.677368164,NIFTY,PE,24000.0,2026-07-14,upstox,16f88a93c2bc7d4fdd8ff2d0ddf87573ddda7ea9f1afa434f855b04e56d43cd0,1m
2026-07-14T06:43:00,NIFTY 24000 PE 14 JUL 26,12.7,14.15,12.7,13.2,779351105.0,51716275.0,13.15,13.2,2026-07-14T06:43:59.973500967,NIFTY,PE,24000.0,2026-07-14,upstox,16f88a93c2bc7d4fdd8ff2d0ddf87573ddda7ea9f1afa434f855b04e56d43cd0,1m
2026-07-14T06:44:00,NIFTY 24000 PE 14 JUL 26,12.95,13.35,11.5,12.3,782779335.0,52124020.0,11.95,12.0,2026-07-14T06:44:59.499822140,NIFTY,PE,24000.0,2026-07-14,upstox,16f88a93c2bc7d4fdd8ff2d0ddf87573ddda7ea9f1afa434f855b04e56d43cd0,1m
2026-07-14T06:45:00,NIFTY 24000 PE 14 JUL 26,13.2,18.05,13.2,17.4,795396225.0,52234325.0,17.85,17.95,2026-07-14T06:45:59.503783941,NIFTY,PE,24000.0,2026-07-14,upstox,16f88a93c2bc7d4fdd8ff2d0ddf87573ddda7ea9f1afa434f855b04e56d43cd0,1m
2026-07-14T06:46:00,NIFTY 24000 PE 14 JUL 26,17.15,17.15,15.45,15.55,803644400.0,50584625.0,15.6,15.65,2026-07-14T06:46:59.803967953,NIFTY,PE,24000.0,2026-07-14,upstox,16f88a93c2bc7d4fdd8ff2d0ddf87573ddda7ea9f1afa434f855b04e56d43cd0,1m
2026-07-14T06:47:00,NIFTY 24000 PE 14 JUL 26,15.65,16.8,14.95,15.3,808962570.0,50266775.0,15.4,15.5,2026-07-14T06:47:59.662000895,NIFTY,PE,24000.0,2026-07-14,upstox,16f88a93c2bc7d4fdd8ff2d0ddf87573ddda7ea9f1afa434f855b04e56d43cd0,1m
2026-07-14T06:48:00,NIFTY 24000 PE 14 JUL 26,15.3,16.25,14.8,15.4,813225075.0,50766170.0,15.4,15.5,2026-07-14T06:48:59.649935007,NIFTY,PE,24000.0,2026-07-14,upstox,16f88a93c2bc7d4fdd8ff2d0ddf87573ddda7ea9f1afa434f855b04e56d43cd0,1m
2026-07-14T06:49:00,NIFTY 24000 PE 14 JUL 26,15.35,15.35,12.4,13.1,820006070.0,51267775.0,13.2,13.3,2026-07-14T06:49:59.659637928,NIFTY,PE,24000.0,2026-07-14,upstox,16f88a93c2bc7d4fdd8ff2d0ddf87573ddda7ea9f1afa434f855b04e56d43cd0,1m
2026-07-14T06:50:00,NIFTY 24000 PE 14 JUL 26,13.1,16.25,13.1,16.25,826429175.0,51412530.0,16.25,16.3,2026-07-14T06:50:59.799484015,NIFTY,PE,24000.0,2026-07-14,upstox,16f88a93c2bc7d4fdd8ff2d0ddf87573ddda7ea9f1afa434f855b04e56d43cd0,1m
2026-07-14T06:51:00,NIFTY 24000 PE 14 JUL 26,15.95,16.35,14.0,14.6,831148630.0,51468170.0,14.5,14.55,2026-07-14T06:51:59.799125910,NIFTY,PE,24000.0,2026-07-14,upstox,16f88a93c2bc7d4fdd8ff2d0ddf87573ddda7ea9f1afa434f855b04e56d43cd0,1m
2026-07-14T06:52:00,NIFTY 24000 PE 14 JUL 26,14.4,15.35,13.25,15.35,834873845.0,51666355.0,15.05,15.15,2026-07-14T06:52:59.797048092,NIFTY,PE,24000.0,2026-07-14,upstox,16f88a93c2bc7d4fdd8ff2d0ddf87573ddda7ea9f1afa434f855b04e56d43cd0,1m
2026-07-14T06:53:00,NIFTY 24000 PE 14 JUL 26,15.35,16.15,13.9,14.95,838987890.0,51582960.0,14.85,14.95,2026-07-14T06:53:59.804660082,NIFTY,PE,24000.0,2026-07-14,upstox,16f88a93c2bc7d4fdd8ff2d0ddf87573ddda7ea9f1afa434f855b04e56d43cd0,1m
2026-07-14T06:54:00,NIFTY 24000 PE 14 JUL 26,14.7,15.45,14.4,15.0,841364680.0,52041470.0,15.0,15.05,2026-07-14T06:54:59.798315048,NIFTY,PE,24000.0,2026-07-14,upstox,16f88a93c2bc7d4fdd8ff2d0ddf87573ddda7ea9f1afa434f855b04e56d43cd0,1m
2026-07-14T06:55:00,NIFTY 24000 PE 14 JUL 26,15.0,16.0,14.3,14.65,844563850.0,52280215.0,14.8,14.85,2026-07-14T06:55:59.962378025,NIFTY,PE,24000.0,2026-07-14,upstox,16f88a93c2bc7d4fdd8ff2d0ddf87573ddda7ea9f1afa434f855b04e56d43cd0,1m
2026-07-14T06:56:00,NIFTY 24000 PE 14 JUL 26,14.7,17.0,14.7,16.7,847745795.0,52650195.0,16.65,16.75,2026-07-14T06:56:59.970164061,NIFTY,PE,24000.0,2026-07-14,upstox,16f88a93c2bc7d4fdd8ff2d0ddf87573ddda7ea9f1afa434f855b04e56d43cd0,1m
2026-07-14T06:57:00,NIFTY 24000 PE 14 JUL 26,16.45,18.7,15.6,17.05,856595675.0,52240175.0,17.0,17.1,2026-07-14T06:57:59.968366146,NIFTY,PE,24000.0,2026-07-14,upstox,16f88a93c2bc7d4fdd8ff2d0ddf87573ddda7ea9f1afa434f855b04e56d43cd0,1m
2026-07-14T06:58:00,NIFTY 24000 PE 14 JUL 26,16.95,19.25,16.8,19.0,864288230.0,51948845.0,18.6,18.65,2026-07-14T06:58:59.956876040,NIFTY,PE,24000.0,2026-07-14,upstox,16f88a93c2bc7d4fdd8ff2d0ddf87573ddda7ea9f1afa434f855b04e56d43cd0,1m
2026-07-14T06:59:00,NIFTY 24000 PE 14 JUL 26,18.5,22.0,18.5,19.5,878789275.0,50527230.0,19.5,19.6,2026-07-14T06:59:59.067295074,NIFTY,PE,24000.0,2026-07-14,upstox,16f88a93c2bc7d4fdd8ff2d0ddf87573ddda7ea9f1afa434f855b04e56d43cd0,1m
2026-07-14T07:00:00,NIFTY 24000 PE 14 JUL 26,18.8,20.3,16.85,16.95,888235920.0,49443810.0,17.0,17.05,2026-07-14T07:00:59.223955870,NIFTY,PE,24000.0,2026-07-14,upstox,16f88a93c2bc7d4fdd8ff2d0ddf87573ddda7ea9f1afa434f855b04e56d43cd0,1m
2026-07-14T07:01:00,NIFTY 24000 PE 14 JUL 26,17.05,18.5,16.25,16.75,893416875.0,49614305.0,16.55,16.65,2026-07-14T07:01:59.057382822,NIFTY,PE,24000.0,2026-07-14,upstox,16f88a93c2bc7d4fdd8ff2d0ddf87573ddda7ea9f1afa434f855b04e56d43cd0,1m
2026-07-14T07:02:00,NIFTY 24000 PE 14 JUL 26,17.45,19.15,17.2,18.4,899655055.0,50017175.0,18.3,18.4,2026-07-14T07:02:59.952069044,NIFTY,PE,24000.0,2026-07-14,upstox,16f88a93c2bc7d4fdd8ff2d0ddf87573ddda7ea9f1afa434f855b04e56d43cd0,1m
2026-07-14T07:03:00,NIFTY 24000 PE 14 JUL 26,18.3,18.7,17.05,17.2,903531980.0,50744330.0,17.1,17.2,2026-07-14T07:03:59.664789915,NIFTY,PE,24000.0,2026-07-14,upstox,16f88a93c2bc7d4fdd8ff2d0ddf87573ddda7ea9f1afa434f855b04e56d43cd0,1m
2026-07-14T07:04:00,NIFTY 24000 PE 14 JUL 26,17.05,17.85,14.85,15.0,910394030.0,51171055.0,15.05,15.15,2026-07-14T07:04:59.369086027,NIFTY,PE,24000.0,2026-07-14,upstox,16f88a93c2bc7d4fdd8ff2d0ddf87573ddda7ea9f1afa434f855b04e56d43cd0,1m
2026-07-14T07:05:00,NIFTY 24000 PE 14 JUL 26,15.25,15.5,13.25,14.5,917385430.0,51197705.0,14.45,14.55,2026-07-14T07:05:59.195674896,NIFTY,PE,24000.0,2026-07-14,upstox,16f88a93c2bc7d4fdd8ff2d0ddf87573ddda7ea9f1afa434f855b04e56d43cd0,1m
2026-07-14T07:06:00,NIFTY 24000 PE 14 JUL 26,14.55,14.7,12.85,13.95,922473305.0,50870235.0,13.8,13.9,2026-07-14T07:06:59.199638128,NIFTY,PE,24000.0,2026-07-14,upstox,16f88a93c2bc7d4fdd8ff2d0ddf87573ddda7ea9f1afa434f855b04e56d43cd0,1m
2026-07-14T07:07:00,NIFTY 24000 PE 14 JUL 26,14.2,16.5,14.2,16.35,928083715.0,51350845.0,16.3,16.35,2026-07-14T07:07:59.499280930,NIFTY,PE,24000.0,2026-07-14,upstox,16f88a93c2bc7d4fdd8ff2d0ddf87573ddda7ea9f1afa434f855b04e56d43cd0,1m
2026-07-14T07:08:00,NIFTY 24000 PE 14 JUL 26,16.4,16.75,14.85,14.85,932151935.0,51527905.0,14.9,14.95,2026-07-14T07:08:59.353756905,NIFTY,PE,24000.0,2026-07-14,upstox,16f88a93c2bc7d4fdd8ff2d0ddf87573ddda7ea9f1afa434f855b04e56d43cd0,1m
2026-07-14T07:09:00,NIFTY 24000 PE 14 JUL 26,14.6,15.75,14.05,14.45,935494300.0,51403950.0,14.45,14.55,2026-07-14T07:09:59.499173164,NIFTY,PE,24000.0,2026-07-14,upstox,16f88a93c2bc7d4fdd8ff2d0ddf87573ddda7ea9f1afa434f855b04e56d43cd0,1m
2026-07-14T07:10:00,NIFTY 24000 PE 14 JUL 26,14.6,15.9,14.15,14.2,938238145.0,51667070.0,14.15,14.2,2026-07-14T07:10:59.823109150,NIFTY,PE,24000.0,2026-07-14,upstox,16f88a93c2bc7d4fdd8ff2d0ddf87573ddda7ea9f1afa434f855b04e56d43cd0,1m
2026-07-14T07:11:00,NIFTY 24000 PE 14 JUL 26,14.05,14.5,12.9,13.85,942930300.0,52099710.0,13.75,13.8,2026-07-14T07:11:59.521404981,NIFTY,PE,24000.0,2026-07-14,upstox,16f88a93c2bc7d4fdd8ff2d0ddf87573ddda7ea9f1afa434f855b04e56d43cd0,1m
2026-07-14T07:12:00,NIFTY 24000 PE 14 JUL 26,13.95,13.95,11.8,13.0,948918750.0,52351000.0,13.05,13.1,2026-07-14T07:12:59.522106886,NIFTY,PE,24000.0,2026-07-14,upstox,16f88a93c2bc7d4fdd8ff2d0ddf87573ddda7ea9f1afa434f855b04e56d43cd0,1m
2026-07-14T07:13:00,NIFTY 24000 PE 14 JUL 26,12.7,14.0,12.4,13.4,952840655.0,52010465.0,13.5,13.6,2026-07-14T07:13:59.538156986,NIFTY,PE,24000.0,2026-07-14,upstox,16f88a93c2bc7d4fdd8ff2d0ddf87573ddda7ea9f1afa434f855b04e56d43cd0,1m
2026-07-14T07:14:00,NIFTY 24000 PE 14 JUL 26,13.35,14.05,12.15,12.65,955894745.0,52603720.0,12.55,12.6,2026-07-14T07:14:59.531109095,NIFTY,PE,24000.0,2026-07-14,upstox,16f88a93c2bc7d4fdd8ff2d0ddf87573ddda7ea9f1afa434f855b04e56d43cd0,1m
2026-07-14T07:15:00,NIFTY 24000 PE 14 JUL 26,12.55,14.05,12.55,13.55,959067785.0,52828815.0,13.45,13.55,2026-07-14T07:15:59.672016859,NIFTY,PE,24000.0,2026-07-14,upstox,16f88a93c2bc7d4fdd8ff2d0ddf87573ddda7ea9f1afa434f855b04e56d43cd0,1m
2026-07-14T07:16:00,NIFTY 24000 PE 14 JUL 26,13.5,13.6,12.5,12.5,961469145.0,53015495.0,12.5,12.55,2026-07-14T07:16:59.658761024,NIFTY,PE,24000.0,2026-07-14,upstox,16f88a93c2bc7d4fdd8ff2d0ddf87573ddda7ea9f1afa434f855b04e56d43cd0,1m
2026-07-14T07:17:00,NIFTY 24000 PE 14 JUL 26,12.4,14.4,12.4,12.75,965484195.0,52842595.0,12.7,12.8,2026-07-14T07:17:59.662060022,NIFTY,PE,24000.0,2026-07-14,upstox,16f88a93c2bc7d4fdd8ff2d0ddf87573ddda7ea9f1afa434f855b04e56d43cd0,1m
2026-07-14T07:18:00,NIFTY 24000 PE 14 JUL 26,12.7,13.1,10.65,12.0,973081980.0,53087840.0,12.0,12.1,2026-07-14T07:18:59.664004087,NIFTY,PE,24000.0,2026-07-14,upstox,16f88a93c2bc7d4fdd8ff2d0ddf87573ddda7ea9f1afa434f855b04e56d43cd0,1m
2026-07-14T07:19:00,NIFTY 24000 PE 14 JUL 26,11.95,12.8,11.45,11.7,976916460.0,52591370.0,11.75,11.85,2026-07-14T07:19:59.813615084,NIFTY,PE,24000.0,2026-07-14,upstox,16f88a93c2bc7d4fdd8ff2d0ddf87573ddda7ea9f1afa434f855b04e56d43cd0,1m
2026-07-14T07:20:00,NIFTY 24000 PE 14 JUL 26,11.7,13.0,11.0,11.05,980519150.0,53227980.0,11.0,11.1,2026-07-14T07:20:59.897850037,NIFTY,PE,24000.0,2026-07-14,upstox,16f88a93c2bc7d4fdd8ff2d0ddf87573ddda7ea9f1afa434f855b04e56d43cd0,1m
2026-07-14T07:21:00,NIFTY 24000 PE 14 JUL 26,11.1,11.65,10.2,11.65,985088260.0,53453725.0,11.6,11.7,2026-07-14T07:21:59.808481932,NIFTY,PE,24000.0,2026-07-14,upstox,16f88a93c2bc7d4fdd8ff2d0ddf87573ddda7ea9f1afa434f855b04e56d43cd0,1m
2026-07-14T07:22:00,NIFTY 24000 PE 14 JUL 26,11.8,12.7,11.7,12.05,988478530.0,53493180.0,12.1,12.2,2026-07-14T07:22:59.812853098,NIFTY,PE,24000.0,2026-07-14,upstox,16f88a93c2bc7d4fdd8ff2d0ddf87573ddda7ea9f1afa434f855b04e56d43cd0,1m
2026-07-14T07:23:00,NIFTY 24000 PE 14 JUL 26,12.15,12.3,11.15,11.55,990997670.0,53685125.0,11.5,11.55,2026-07-14T07:23:59.963899851,NIFTY,PE,24000.0,2026-07-14,upstox,16f88a93c2bc7d4fdd8ff2d0ddf87573ddda7ea9f1afa434f855b04e56d43cd0,1m
2026-07-14T07:24:00,NIFTY 24000 PE 14 JUL 26,11.4,12.1,11.2,11.55,992777955.0,54009930.0,11.45,11.55,2026-07-14T07:24:59.342704058,NIFTY,PE,24000.0,2026-07-14,upstox,16f88a93c2bc7d4fdd8ff2d0ddf87573ddda7ea9f1afa434f855b04e56d43cd0,1m
2026-07-14T07:25:00,NIFTY 24000 PE 14 JUL 26,11.45,12.15,11.0,11.4,995160400.0,54179450.0,11.35,11.4,2026-07-14T07:25:59.957101107,NIFTY,PE,24000.0,2026-07-14,upstox,16f88a93c2bc7d4fdd8ff2d0ddf87573ddda7ea9f1afa434f855b04e56d43cd0,1m
2026-07-14T07:26:00,NIFTY 24000 PE 14 JUL 26,11.3,11.55,8.8,9.4,1004270540.0,54460250.0,9.15,9.2,2026-07-14T07:26:59.953511953,NIFTY,PE,24000.0,2026-07-14,upstox,16f88a93c2bc7d4fdd8ff2d0ddf87573ddda7ea9f1afa434f855b04e56d43cd0,1m
2026-07-14T07:27:00,NIFTY 24000 PE 14 JUL 26,9.2,10.75,9.2,10.4,1010331530.0,54076230.0,10.3,10.35,2026-07-14T07:27:59.954133034,NIFTY,PE,24000.0,2026-07-14,upstox,16f88a93c2bc7d4fdd8ff2d0ddf87573ddda7ea9f1afa434f855b04e56d43cd0,1m
2026-07-14T07:28:00,NIFTY 24000 PE 14 JUL 26,10.35,11.15,10.05,10.9,1014286065.0,54219945.0,10.85,10.95,2026-07-14T07:28:59.668474197,NIFTY,PE,24000.0,2026-07-14,upstox,16f88a93c2bc7d4fdd8ff2d0ddf87573ddda7ea9f1afa434f855b04e56d43cd0,1m
2026-07-14T07:29:00,NIFTY 24000 PE 14 JUL 26,11.0,12.6,10.7,12.25,1018836455.0,54669550.0,12.5,12.55,2026-07-14T07:29:59.062330008,NIFTY,PE,24000.0,2026-07-14,upstox,16f88a93c2bc7d4fdd8ff2d0ddf87573ddda7ea9f1afa434f855b04e56d43cd0,1m
2026-07-14T07:30:00,NIFTY 24000 PE 14 JUL 26,12.05,16.25,12.0,15.45,1030997760.0,54915510.0,15.95,16.0,2026-07-14T07:30:59.201966047,NIFTY,PE,24000.0,2026-07-14,upstox,16f88a93c2bc7d4fdd8ff2d0ddf87573ddda7ea9f1afa434f855b04e56d43cd0,1m
2026-07-14T07:31:00,NIFTY 24000 PE 14 JUL 26,15.7,15.75,13.65,14.1,1038720605.0,54726880.0,14.1,14.2,2026-07-14T07:31:59.655543089,NIFTY,PE,24000.0,2026-07-14,upstox,16f88a93c2bc7d4fdd8ff2d0ddf87573ddda7ea9f1afa434f855b04e56d43cd0,1m
2026-07-14T07:32:00,NIFTY 24000 PE 14 JUL 26,14.25,14.9,13.0,14.2,1044327310.0,54797990.0,14.05,14.15,2026-07-14T07:32:59.256966829,NIFTY,PE,24000.0,2026-07-14,upstox,16f88a93c2bc7d4fdd8ff2d0ddf87573ddda7ea9f1afa434f855b04e56d43cd0,1m
2026-07-14T07:33:00,NIFTY 24000 PE 14 JUL 26,14.0,15.2,13.55,13.65,1048988655.0,55273075.0,13.6,13.65,2026-07-14T07:33:59.810786009,NIFTY,PE,24000.0,2026-07-14,upstox,16f88a93c2bc7d4fdd8ff2d0ddf87573ddda7ea9f1afa434f855b04e56d43cd0,1m
2026-07-14T07:34:00,NIFTY 24000 PE 14 JUL 26,13.7,14.05,9.95,10.95,1057660630.0,55164005.0,10.95,11.0,2026-07-14T07:34:59.677653074,NIFTY,PE,24000.0,2026-07-14,upstox,16f88a93c2bc7d4fdd8ff2d0ddf87573ddda7ea9f1afa434f855b04e56d43cd0,1m
2026-07-14T07:35:00,NIFTY 24000 PE 14 JUL 26,10.95,11.1,9.8,9.9,1062497475.0,54431065.0,9.85,9.9,2026-07-14T07:35:59.348711014,NIFTY,PE,24000.0,2026-07-14,upstox,16f88a93c2bc7d4fdd8ff2d0ddf87573ddda7ea9f1afa434f855b04e56d43cd0,1m
2026-07-14T07:36:00,NIFTY 24000 PE 14 JUL 26,9.95,10.85,9.2,9.85,1068083315.0,55065725.0,9.85,9.9,2026-07-14T07:36:59.912515163,NIFTY,PE,24000.0,2026-07-14,upstox,16f88a93c2bc7d4fdd8ff2d0ddf87573ddda7ea9f1afa434f855b04e56d43cd0,1m
2026-07-14T07:37:00,NIFTY 24000 PE 14 JUL 26,9.9,11.1,9.75,10.8,1072072495.0,55326375.0,10.8,10.85,2026-07-14T07:37:59.364387035,NIFTY,PE,24000.0,2026-07-14,upstox,16f88a93c2bc7d4fdd8ff2d0ddf87573ddda7ea9f1afa434f855b04e56d43cd0,1m
2026-07-14T07:38:00,NIFTY 24000 PE 14 JUL 26,10.85,11.05,10.25,10.7,1074686925.0,55682575.0,10.7,10.75,2026-07-14T07:38:59.360424042,NIFTY,PE,24000.0,2026-07-14,upstox,16f88a93c2bc7d4fdd8ff2d0ddf87573ddda7ea9f1afa434f855b04e56d43cd0,1m
2026-07-14T07:39:00,NIFTY 24000 PE 14 JUL 26,10.65,10.8,9.75,10.15,1077750310.0,55831360.0,10.25,10.35,2026-07-14T07:39:59.583195925,NIFTY,PE,24000.0,2026-07-14,upstox,16f88a93c2bc7d4fdd8ff2d0ddf87573ddda7ea9f1afa434f855b04e56d43cd0,1m
2026-07-14T07:40:00,NIFTY 24000 PE 14 JUL 26,10.2,11.2,10.05,11.15,1080162785.0,55923465.0,11.1,11.15,2026-07-14T07:40:59.522052050,NIFTY,PE,24000.0,2026-07-14,upstox,16f88a93c2bc7d4fdd8ff2d0ddf87573ddda7ea9f1afa434f855b04e56d43cd0,1m
2026-07-14T07:41:00,NIFTY 24000 PE 14 JUL 26,11.1,11.2,9.9,10.45,1083747665.0,56205305.0,10.4,10.45,2026-07-14T07:41:59.944634914,NIFTY,PE,24000.0,2026-07-14,upstox,16f88a93c2bc7d4fdd8ff2d0ddf87573ddda7ea9f1afa434f855b04e56d43cd0,1m
2026-07-14T07:42:00,NIFTY 24000 PE 14 JUL 26,10.4,11.65,10.4,10.75,1087828690.0,56436185.0,10.95,11.05,2026-07-14T07:42:59.582318068,NIFTY,PE,24000.0,2026-07-14,upstox,16f88a93c2bc7d4fdd8ff2d0ddf87573ddda7ea9f1afa434f855b04e56d43cd0,1m
2026-07-14T07:43:00,NIFTY 24000 PE 14 JUL 26,10.7,11.4,10.5,11.35,1090182275.0,56853290.0,11.1,11.2,2026-07-14T07:43:59.539243937,NIFTY,PE,24000.0,2026-07-14,upstox,16f88a93c2bc7d4fdd8ff2d0ddf87573ddda7ea9f1afa434f855b04e56d43cd0,1m
2026-07-14T07:44:00,NIFTY 24000 PE 14 JUL 26,11.45,12.35,11.1,11.6,1094065050.0,56683510.0,11.55,11.6,2026-07-14T07:44:59.849864960,NIFTY,PE,24000.0,2026-07-14,upstox,16f88a93c2bc7d4fdd8ff2d0ddf87573ddda7ea9f1afa434f855b04e56d43cd0,1m
2026-07-14T07:45:00,NIFTY 24000 PE 14 JUL 26,11.45,13.45,11.45,12.95,1099002710.0,57274945.0,13.05,13.1,2026-07-14T07:45:59.678647995,NIFTY,PE,24000.0,2026-07-14,upstox,16f88a93c2bc7d4fdd8ff2d0ddf87573ddda7ea9f1afa434f855b04e56d43cd0,1m
2026-07-14T07:46:00,NIFTY 24000 PE 14 JUL 26,12.75,12.9,12.2,12.25,1102400390.0,57210400.0,12.2,12.25,2026-07-14T07:46:59.740607023,NIFTY,PE,24000.0,2026-07-14,upstox,16f88a93c2bc7d4fdd8ff2d0ddf87573ddda7ea9f1afa434f855b04e56d43cd0,1m
2026-07-14T07:47:00,NIFTY 24000 PE 14 JUL 26,12.2,12.4,9.95,9.95,1107501070.0,57226130.0,10.05,10.1,2026-07-14T07:47:59.671796083,NIFTY,PE,24000.0,2026-07-14,upstox,16f88a93c2bc7d4fdd8ff2d0ddf87573ddda7ea9f1afa434f855b04e56d43cd0,1m
2026-07-14T07:48:00,NIFTY 24000 PE 14 JUL 26,10.1,10.5,9.4,9.6,1113122270.0,56707365.0,9.75,9.8,2026-07-14T07:48:59.818602085,NIFTY,PE,24000.0,2026-07-14,upstox,16f88a93c2bc7d4fdd8ff2d0ddf87573ddda7ea9f1afa434f855b04e56d43cd0,1m
2026-07-14T07:49:00,NIFTY 24000 PE 14 JUL 26,9.65,9.95,8.9,9.1,1118037050.0,57619965.0,9.15,9.2,2026-07-14T07:49:59.824218988,NIFTY,PE,24000.0,2026-07-14,upstox,16f88a93c2bc7d4fdd8ff2d0ddf87573ddda7ea9f1afa434f855b04e56d43cd0,1m
2026-07-14T07:50:00,NIFTY 24000 PE 14 JUL 26,9.1,9.45,7.6,7.7,1128374910.0,57407480.0,7.7,7.75,2026-07-14T07:50:59.874380112,NIFTY,PE,24000.0,2026-07-14,upstox,16f88a93c2bc7d4fdd8ff2d0ddf87573ddda7ea9f1afa434f855b04e56d43cd0,1m
2026-07-14T07:51:00,NIFTY 24000 PE 14 JUL 26,7.65,8.45,7.45,7.45,1134987100.0,56927780.0,7.45,7.5,2026-07-14T07:51:59.848389864,NIFTY,PE,24000.0,2026-07-14,upstox,16f88a93c2bc7d4fdd8ff2d0ddf87573ddda7ea9f1afa434f855b04e56d43cd0,1m
2026-07-14T07:52:00,NIFTY 24000 PE 14 JUL 26,7.45,8.35,7.45,8.05,1139041670.0,57563935.0,8.05,8.1,2026-07-14T07:52:59.966534853,NIFTY,PE,24000.0,2026-07-14,upstox,16f88a93c2bc7d4fdd8ff2d0ddf87573ddda7ea9f1afa434f855b04e56d43cd0,1m
2026-07-14T07:53:00,NIFTY 24000 PE 14 JUL 26,8.05,8.4,7.9,8.3,1142367330.0,57891990.0,8.35,8.4,2026-07-14T07:53:59.963294029,NIFTY,PE,24000.0,2026-07-14,upstox,16f88a93c2bc7d4fdd8ff2d0ddf87573ddda7ea9f1afa434f855b04e56d43cd0,1m
2026-07-14T07:54:00,NIFTY 24000 PE 14 JUL 26,8.3,8.75,8.15,8.45,1145422850.0,57889845.0,8.4,8.45,2026-07-14T07:54:58.955703974,NIFTY,PE,24000.0,2026-07-14,upstox,16f88a93c2bc7d4fdd8ff2d0ddf87573ddda7ea9f1afa434f855b04e56d43cd0,1m
2026-07-14T07:55:00,NIFTY 24000 PE 14 JUL 26,8.35,9.65,8.35,9.15,1151481370.0,58363825.0,9.1,9.2,2026-07-14T07:55:59.969895840,NIFTY,PE,24000.0,2026-07-14,upstox,16f88a93c2bc7d4fdd8ff2d0ddf87573ddda7ea9f1afa434f855b04e56d43cd0,1m
2026-07-14T07:56:00,NIFTY 24000 PE 14 JUL 26,9.1,10.0,9.0,9.5,1157035555.0,58584825.0,9.45,9.55,2026-07-14T07:56:59.821270943,NIFTY,PE,24000.0,2026-07-14,upstox,16f88a93c2bc7d4fdd8ff2d0ddf87573ddda7ea9f1afa434f855b04e56d43cd0,1m
2026-07-14T07:57:00,NIFTY 24000 PE 14 JUL 26,9.65,12.2,9.3,10.85,1165357115.0,58740760.0,10.85,10.95,2026-07-14T07:57:59.383247137,NIFTY,PE,24000.0,2026-07-14,upstox,16f88a93c2bc7d4fdd8ff2d0ddf87573ddda7ea9f1afa434f855b04e56d43cd0,1m
2026-07-14T07:58:00,NIFTY 24000 PE 14 JUL 26,10.75,10.9,8.35,8.5,1172607345.0,58370520.0,8.45,8.55,2026-07-14T07:58:59.100331068,NIFTY,PE,24000.0,2026-07-14,upstox,16f88a93c2bc7d4fdd8ff2d0ddf87573ddda7ea9f1afa434f855b04e56d43cd0,1m
2026-07-14T07:59:00,NIFTY 24000 PE 14 JUL 26,8.55,9.55,8.2,9.55,1179236370.0,58290245.0,9.5,9.55,2026-07-14T07:59:59.971110821,NIFTY,PE,24000.0,2026-07-14,upstox,16f88a93c2bc7d4fdd8ff2d0ddf87573ddda7ea9f1afa434f855b04e56d43cd0,1m
2026-07-14T08:00:00,NIFTY 24000 PE 14 JUL 26,9.5,10.25,9.0,9.45,1183772720.0,57401435.0,9.4,9.45,2026-07-14T08:00:59.382148027,NIFTY,PE,24000.0,2026-07-14,upstox,16f88a93c2bc7d4fdd8ff2d0ddf87573ddda7ea9f1afa434f855b04e56d43cd0,1m
2026-07-14T08:01:00,NIFTY 24000 PE 14 JUL 26,9.45,9.45,8.6,8.85,1187756765.0,57900960.0,8.8,8.85,2026-07-14T08:01:59.988914013,NIFTY,PE,24000.0,2026-07-14,upstox,16f88a93c2bc7d4fdd8ff2d0ddf87573ddda7ea9f1afa434f855b04e56d43cd0,1m
2026-07-14T08:02:00,NIFTY 24000 PE 14 JUL 26,8.8,9.95,8.55,8.7,1191675810.0,58608290.0,8.65,8.75,2026-07-14T08:02:59.478266001,NIFTY,PE,24000.0,2026-07-14,upstox,16f88a93c2bc7d4fdd8ff2d0ddf87573ddda7ea9f1afa434f855b04e56d43cd0,1m
2026-07-14T08:03:00,NIFTY 24000 PE 14 JUL 26,8.9,12.45,8.9,11.75,1199377075.0,58843135.0,11.75,11.8,2026-07-14T08:03:59.236063957,NIFTY,PE,24000.0,2026-07-14,upstox,16f88a93c2bc7d4fdd8ff2d0ddf87573ddda7ea9f1afa434f855b04e56d43cd0,1m
2026-07-14T08:04:00,NIFTY 24000 PE 14 JUL 26,11.45,11.45,10.25,11.05,1204395920.0,58289660.0,11.05,11.15,2026-07-14T08:04:59.387254,NIFTY,PE,24000.0,2026-07-14,upstox,16f88a93c2bc7d4fdd8ff2d0ddf87573ddda7ea9f1afa434f855b04e56d43cd0,1m
2026-07-14T08:05:00,NIFTY 24000 PE 14 JUL 26,10.75,13.95,10.75,11.35,1213009460.0,58167460.0,11.4,11.45,2026-07-14T08:05:59.687034130,NIFTY,PE,24000.0,2026-07-14,upstox,16f88a93c2bc7d4fdd8ff2d0ddf87573ddda7ea9f1afa434f855b04e56d43cd0,1m
2026-07-14T08:06:00,NIFTY 24000 PE 14 JUL 26,11.35,12.2,10.85,12.0,1218174490.0,58667115.0,12.0,12.05,2026-07-14T08:06:59.378207922,NIFTY,PE,24000.0,2026-07-14,upstox,16f88a93c2bc7d4fdd8ff2d0ddf87573ddda7ea9f1afa434f855b04e56d43cd0,1m
2026-07-14T08:07:00,NIFTY 24000 PE 14 JUL 26,12.2,16.25,11.55,16.25,1228176560.0,59143955.0,15.85,15.9,2026-07-14T08:07:59.399438143,NIFTY,PE,24000.0,2026-07-14,upstox,16f88a93c2bc7d4fdd8ff2d0ddf87573ddda7ea9f1afa434f855b04e56d43cd0,1m
2026-07-14T08:08:00,NIFTY 24000 PE 14 JUL 26,15.15,23.25,14.6,19.85,1254507930.0,56811820.0,20.05,20.1,2026-07-14T08:08:59.538690090,NIFTY,PE,24000.0,2026-07-14,upstox,16f88a93c2bc7d4fdd8ff2d0ddf87573ddda7ea9f1afa434f855b04e56d43cd0,1m
2026-07-14T08:09:00,NIFTY 24000 PE 14 JUL 26,18.9,21.35,15.35,15.35,1276860650.0,53078090.0,15.75,15.85,2026-07-14T08:09:59.545269966,NIFTY,PE,24000.0,2026-07-14,upstox,16f88a93c2bc7d4fdd8ff2d0ddf87573ddda7ea9f1afa434f855b04e56d43cd0,1m
2026-07-14T08:10:00,NIFTY 24000 PE 14 JUL 26,15.45,18.9,14.1,14.5,1293100705.0,54916810.0,14.45,14.5,2026-07-14T08:10:59.541197062,NIFTY,PE,24000.0,2026-07-14,upstox,16f88a93c2bc7d4fdd8ff2d0ddf87573ddda7ea9f1afa434f855b04e56d43cd0,1m
2026-07-14T08:11:00,NIFTY 24000 PE 14 JUL 26,14.55,17.7,13.6,16.1,1305065515.0,55333395.0,16.0,16.1,2026-07-14T08:11:59.841485023,NIFTY,PE,24000.0,2026-07-14,upstox,16f88a93c2bc7d4fdd8ff2d0ddf87573ddda7ea9f1afa434f855b04e56d43cd0,1m
2026-07-14T08:12:00,NIFTY 24000 PE 14 JUL 26,16.15,17.8,15.8,16.45,1313623285.0,56125875.0,16.4,16.5,2026-07-14T08:12:59.844268084,NIFTY,PE,24000.0,2026-07-14,upstox,16f88a93c2bc7d4fdd8ff2d0ddf87573ddda7ea9f1afa434f855b04e56d43cd0,1m
2026-07-14T08:13:00,NIFTY 24000 PE 14 JUL 26,16.5,18.15,15.85,17.05,1322560265.0,57030220.0,17.0,17.05,2026-07-14T08:13:59.701386929,NIFTY,PE,24000.0,2026-07-14,upstox,16f88a93c2bc7d4fdd8ff2d0ddf87573ddda7ea9f1afa434f855b04e56d43cd0,1m
2026-07-14T08:14:00,NIFTY 24000 PE 14 JUL 26,17.25,18.4,14.05,14.05,1336238800.0,57450575.0,14.1,14.15,2026-07-14T08:14:59.713855028,NIFTY,PE,24000.0,2026-07-14,upstox,16f88a93c2bc7d4fdd8ff2d0ddf87573ddda7ea9f1afa434f855b04e56d43cd0,1m
2026-07-14T08:15:00,NIFTY 24000 PE 14 JUL 26,14.05,14.3,9.9,11.15,1355121430.0,56158310.0,11.25,11.3,2026-07-14T08:15:59.996067047,NIFTY,PE,24000.0,2026-07-14,upstox,16f88a93c2bc7d4fdd8ff2d0ddf87573ddda7ea9f1afa434f855b04e56d43cd0,1m
2026-07-14T08:16:00,NIFTY 24000 PE 14 JUL 26,11.15,11.8,8.9,9.25,1367264080.0,56494750.0,9.2,9.25,2026-07-14T08:16:59.853090048,NIFTY,PE,24000.0,2026-07-14,upstox,16f88a93c2bc7d4fdd8ff2d0ddf87573ddda7ea9f1afa434f855b04e56d43cd0,1m
2026-07-14T08:17:00,NIFTY 24000 PE 14 JUL 26,9.5,11.3,9.4,10.85,1374237540.0,56833465.0,10.75,10.85,2026-07-14T08:17:59.851374149,NIFTY,PE,24000.0,2026-07-14,upstox,16f88a93c2bc7d4fdd8ff2d0ddf87573ddda7ea9f1afa434f855b04e56d43cd0,1m
2026-07-14T08:18:00,NIFTY 24000 PE 14 JUL 26,10.75,11.55,9.95,10.55,1380643615.0,58475495.0,10.55,10.6,2026-07-14T08:18:59.877039194,NIFTY,PE,24000.0,2026-07-14,upstox,16f88a93c2bc7d4fdd8ff2d0ddf87573ddda7ea9f1afa434f855b04e56d43cd0,1m
2026-07-14T08:19:00,NIFTY 24000 PE 14 JUL 26,10.65,11.15,10.3,10.65,1385595575.0,58971185.0,10.95,11.0,2026-07-14T08:19:59.916944981,NIFTY,PE,24000.0,2026-07-14,upstox,16f88a93c2bc7d4fdd8ff2d0ddf87573ddda7ea9f1afa434f855b04e56d43cd0,1m
2026-07-14T08:20:00,NIFTY 24000 PE 14 JUL 26,10.75,12.65,10.45,11.05,1394701295.0,58612060.0,10.9,11.0,2026-07-14T08:20:59.858216047,NIFTY,PE,24000.0,2026-07-14,upstox,16f88a93c2bc7d4fdd8ff2d0ddf87573ddda7ea9f1afa434f855b04e56d43cd0,1m
2026-07-14T08:21:00,NIFTY 24000 PE 14 JUL 26,11.1,11.95,10.0,11.55,1401187190.0,59590700.0,11.45,11.55,2026-07-14T08:21:59.603863955,NIFTY,PE,24000.0,2026-07-14,upstox,16f88a93c2bc7d4fdd8ff2d0ddf87573ddda7ea9f1afa434f855b04e56d43cd0,1m
2026-07-14T08:22:00,NIFTY 24000 PE 14 JUL 26,11.55,11.8,10.7,10.8,1406165085.0,60247070.0,11.05,11.1,2026-07-14T08:22:59.997796059,NIFTY,PE,24000.0,2026-07-14,upstox,16f88a93c2bc7d4fdd8ff2d0ddf87573ddda7ea9f1afa434f855b04e56d43cd0,1m
2026-07-14T08:23:00,NIFTY 24000 PE 14 JUL 26,10.85,11.95,10.55,11.15,1410827145.0,60093085.0,11.1,11.15,2026-07-14T08:23:59.998373985,NIFTY,PE,24000.0,2026-07-14,upstox,16f88a93c2bc7d4fdd8ff2d0ddf87573ddda7ea9f1afa434f855b04e56d43cd0,1m
2026-07-14T08:24:00,NIFTY 24000 PE 14 JUL 26,11.3,11.7,10.8,11.05,1414158655.0,60156590.0,11.05,11.1,2026-07-14T08:24:59.093936205,NIFTY,PE,24000.0,2026-07-14,upstox,16f88a93c2bc7d4fdd8ff2d0ddf87573ddda7ea9f1afa434f855b04e56d43cd0,1m
2026-07-14T08:25:00,NIFTY 24000 PE 14 JUL 26,10.95,10.95,8.55,10.1,1424655570.0,59895355.0,10.1,10.15,2026-07-14T08:25:59.730245113,NIFTY,PE,24000.0,2026-07-14,upstox,16f88a93c2bc7d4fdd8ff2d0ddf87573ddda7ea9f1afa434f855b04e56d43cd0,1m
2026-07-14T08:26:00,NIFTY 24000 PE 14 JUL 26,10.05,10.25,9.2,9.75,1429753780.0,60360560.0,9.75,9.8,2026-07-14T08:26:59.694643021,NIFTY,PE,24000.0,2026-07-14,upstox,16f88a93c2bc7d4fdd8ff2d0ddf87573ddda7ea9f1afa434f855b04e56d43cd0,1m
2026-07-14T08:27:00,NIFTY 24000 PE 14 JUL 26,9.8,10.15,8.1,8.3,1436517225.0,60610160.0,8.35,8.4,2026-07-14T08:27:59.273572206,NIFTY,PE,24000.0,2026-07-14,upstox,16f88a93c2bc7d4fdd8ff2d0ddf87573ddda7ea9f1afa434f855b04e56d43cd0,1m
2026-07-14T08:28:00,NIFTY 24000 PE 14 JUL 26,8.45,9.75,8.45,9.7,1442405250.0,60294975.0,9.6,9.7,2026-07-14T08:28:59.567320108,NIFTY,PE,24000.0,2026-07-14,upstox,16f88a93c2bc7d4fdd8ff2d0ddf87573ddda7ea9f1afa434f855b04e56d43cd0,1m
2026-07-14T08:29:00,NIFTY 24000 PE 14 JUL 26,9.65,10.95,9.55,9.8,1449001385.0,60689395.0,9.8,9.85,2026-07-14T08:29:59.341886997,NIFTY,PE,24000.0,2026-07-14,upstox,16f88a93c2bc7d4fdd8ff2d0ddf87573ddda7ea9f1afa434f855b04e56d43cd0,1m
2026-07-14T08:30:00,NIFTY 24000 PE 14 JUL 26,10.1,10.6,8.9,9.7,1454459240.0,61134515.0,9.65,9.75,2026-07-14T08:30:59.991882086,NIFTY,PE,24000.0,2026-07-14,upstox,16f88a93c2bc7d4fdd8ff2d0ddf87573ddda7ea9f1afa434f855b04e56d43cd0,1m
2026-07-14T08:31:00,NIFTY 24000 PE 14 JUL 26,9.65,10.4,9.05,10.25,1458849860.0,61374170.0,10.2,10.25,2026-07-14T08:31:59.695247173,NIFTY,PE,24000.0,2026-07-14,upstox,16f88a93c2bc7d4fdd8ff2d0ddf87573ddda7ea9f1afa434f855b04e56d43cd0,1m
2026-07-14T08:32:00,NIFTY 24000 PE 14 JUL 26,10.15,11.5,10.05,11.3,1466728965.0,61426885.0,11.25,11.35,2026-07-14T08:32:59.253109931,NIFTY,PE,24000.0,2026-07-14,upstox,16f88a93c2bc7d4fdd8ff2d0ddf87573ddda7ea9f1afa434f855b04e56d43cd0,1m
2026-07-14T08:33:00,NIFTY 24000 PE 14 JUL 26,10.8,11.35,10.25,10.6,1473196400.0,61914970.0,10.5,10.55,2026-07-14T08:33:59.844542980,NIFTY,PE,24000.0,2026-07-14,upstox,16f88a93c2bc7d4fdd8ff2d0ddf87573ddda7ea9f1afa434f855b04e56d43cd0,1m
2026-07-14T08:34:00,NIFTY 24000 PE 14 JUL 26,10.2,10.3,7.95,9.1,1483853605.0,61906520.0,9.05,9.1,2026-07-14T08:34:59.551300049,NIFTY,PE,24000.0,2026-07-14,upstox,16f88a93c2bc7d4fdd8ff2d0ddf87573ddda7ea9f1afa434f855b04e56d43cd0,1m
2026-07-14T08:35:00,NIFTY 24000 PE 14 JUL 26,9.2,10.6,8.85,9.7,1490858395.0,61809280.0,9.6,9.65,2026-07-14T08:35:59.396256924,NIFTY,PE,24000.0,2026-07-14,upstox,16f88a93c2bc7d4fdd8ff2d0ddf87573ddda7ea9f1afa434f855b04e56d43cd0,1m
2026-07-14T08:36:00,NIFTY 24000 PE 14 JUL 26,9.8,9.9,8.85,9.2,1497061995.0,62681190.0,9.15,9.2,2026-07-14T08:36:59.546387911,NIFTY,PE,24000.0,2026-07-14,upstox,16f88a93c2bc7d4fdd8ff2d0ddf87573ddda7ea9f1afa434f855b04e56d43cd0,1m
2026-07-14T08:37:00,NIFTY 24000 PE 14 JUL 26,9.2,9.95,9.05,9.35,1502141030.0,62951135.0,9.3,9.4,2026-07-14T08:37:59.995001078,NIFTY,PE,24000.0,2026-07-14,upstox,16f88a93c2bc7d4fdd8ff2d0ddf87573ddda7ea9f1afa434f855b04e56d43cd0,1m
2026-07-14T08:38:00,NIFTY 24000 PE 14 JUL 26,9.3,11.45,9.1,10.7,1510358980.0,63009440.0,10.95,11.05,2026-07-14T08:38:59.549664021,NIFTY,PE,24000.0,2026-07-14,upstox,16f88a93c2bc7d4fdd8ff2d0ddf87573ddda7ea9f1afa434f855b04e56d43cd0,1m
2026-07-14T08:39:00,NIFTY 24000 PE 14 JUL 26,10.8,14.4,10.8,12.3,1526811325.0,62361650.0,12.3,12.4,2026-07-14T08:39:59.546575069,NIFTY,PE,24000.0,2026-07-14,upstox,16f88a93c2bc7d4fdd8ff2d0ddf87573ddda7ea9f1afa434f855b04e56d43cd0,1m
2026-07-14T08:40:00,NIFTY 24000 PE 14 JUL 26,12.15,12.8,9.1,9.1,1538878835.0,62666825.0,9.4,9.45,2026-07-14T08:40:59.541604042,NIFTY,PE,24000.0,2026-07-14,upstox,16f88a93c2bc7d4fdd8ff2d0ddf87573ddda7ea9f1afa434f855b04e56d43cd0,1m
2026-07-14T08:41:00,NIFTY 24000 PE 14 JUL 26,9.0,10.45,8.3,9.85,1550574545.0,62564580.0,9.9,9.95,2026-07-14T08:41:59.750609875,NIFTY,PE,24000.0,2026-07-14,upstox,16f88a93c2bc7d4fdd8ff2d0ddf87573ddda7ea9f1afa434f855b04e56d43cd0,1m
2026-07-14T08:42:00,NIFTY 24000 PE 14 JUL 26,10.05,10.75,8.45,8.6,1558486735.0,63439675.0,8.5,8.55,2026-07-14T08:42:59.691926003,NIFTY,PE,24000.0,2026-07-14,upstox,16f88a93c2bc7d4fdd8ff2d0ddf87573ddda7ea9f1afa434f855b04e56d43cd0,1m
2026-07-14T08:43:00,NIFTY 24000 PE 14 JUL 26,8.65,9.6,8.5,9.2,1564686760.0,64025715.0,9.2,9.25,2026-07-14T08:43:59.697979927,NIFTY,PE,24000.0,2026-07-14,upstox,16f88a93c2bc7d4fdd8ff2d0ddf87573ddda7ea9f1afa434f855b04e56d43cd0,1m
2026-07-14T08:44:00,NIFTY 24000 PE 14 JUL 26,9.2,9.8,8.8,9.25,1569026355.0,64011220.0,9.25,9.3,2026-07-14T08:44:59.703444004,NIFTY,PE,24000.0,2026-07-14,upstox,16f88a93c2bc7d4fdd8ff2d0ddf87573ddda7ea9f1afa434f855b04e56d43cd0,1m
2026-07-14T08:45:00,NIFTY 24000 PE 14 JUL 26,9.1,9.7,8.6,9.7,1575374515.0,64833080.0,9.6,9.65,2026-07-14T08:45:59.874980211,NIFTY,PE,24000.0,2026-07-14,upstox,16f88a93c2bc7d4fdd8ff2d0ddf87573ddda7ea9f1afa434f855b04e56d43cd0,1m
2026-07-14T08:46:00,NIFTY 24000 PE 14 JUL 26,9.65,10.45,9.15,9.8,1581834410.0,64392315.0,9.9,9.95,2026-07-14T08:46:59.838768959,NIFTY,PE,24000.0,2026-07-14,upstox,16f88a93c2bc7d4fdd8ff2d0ddf87573ddda7ea9f1afa434f855b04e56d43cd0,1m
2026-07-14T08:47:00,NIFTY 24000 PE 14 JUL 26,9.85,10.5,9.45,9.45,1587262625.0,64322310.0,9.5,9.55,2026-07-14T08:47:59.851603031,NIFTY,PE,24000.0,2026-07-14,upstox,16f88a93c2bc7d4fdd8ff2d0ddf87573ddda7ea9f1afa434f855b04e56d43cd0,1m
2026-07-14T08:48:00,NIFTY 24000 PE 14 JUL 26,9.6,11.5,9.1,10.45,1596019490.0,64269270.0,10.35,10.4,2026-07-14T08:48:59.846616983,NIFTY,PE,24000.0,2026-07-14,upstox,16f88a93c2bc7d4fdd8ff2d0ddf87573ddda7ea9f1afa434f855b04e56d43cd0,1m
2026-07-14T08:49:00,NIFTY 24000 PE 14 JUL 26,10.4,11.7,9.6,11.1,1604394155.0,64462385.0,11.05,11.1,2026-07-14T08:49:59.493647814,NIFTY,PE,24000.0,2026-07-14,upstox,16f88a93c2bc7d4fdd8ff2d0ddf87573ddda7ea9f1afa434f855b04e56d43cd0,1m
2026-07-14T08:50:00,NIFTY 24000 PE 14 JUL 26,11.0,12.65,9.95,10.0,1613547130.0,64761450.0,10.15,10.2,2026-07-14T08:50:58.955656052,NIFTY,PE,24000.0,2026-07-14,upstox,16f88a93c2bc7d4fdd8ff2d0ddf87573ddda7ea9f1afa434f855b04e56d43cd0,1m
2026-07-14T08:51:00,NIFTY 24000 PE 14 JUL 26,9.35,11.3,9.35,10.25,1619793240.0,65100165.0,10.1,10.15,2026-07-14T08:51:59.037575006,NIFTY,PE,24000.0,2026-07-14,upstox,16f88a93c2bc7d4fdd8ff2d0ddf87573ddda7ea9f1afa434f855b04e56d43cd0,1m
2026-07-14T08:52:00,NIFTY 24000 PE 14 JUL 26,10.2,12.95,9.65,12.95,1626616875.0,65167440.0,12.75,12.85,2026-07-14T08:52:59.329233885,NIFTY,PE,24000.0,2026-07-14,upstox,16f88a93c2bc7d4fdd8ff2d0ddf87573ddda7ea9f1afa434f855b04e56d43cd0,1m
2026-07-14T08:53:00,NIFTY 24000 PE 14 JUL 26,14.1,14.1,12.35,12.65,1641574155.0,64330240.0,12.6,12.65,2026-07-14T08:53:59.103398800,NIFTY,PE,24000.0,2026-07-14,upstox,16f88a93c2bc7d4fdd8ff2d0ddf87573ddda7ea9f1afa434f855b04e56d43cd0,1m
2026-07-14T08:54:00,NIFTY 24000 PE 14 JUL 26,12.3,12.45,10.45,11.3,1651471575.0,64021035.0,11.2,11.25,2026-07-14T08:54:59.400139093,NIFTY,PE,24000.0,2026-07-14,upstox,16f88a93c2bc7d4fdd8ff2d0ddf87573ddda7ea9f1afa434f855b04e56d43cd0,1m
2026-07-14T08:55:00,NIFTY 24000 PE 14 JUL 26,11.3,11.8,10.3,11.25,1658472075.0,64293580.0,11.15,11.25,2026-07-14T08:55:59.553031921,NIFTY,PE,24000.0,2026-07-14,upstox,16f88a93c2bc7d4fdd8ff2d0ddf87573ddda7ea9f1afa434f855b04e56d43cd0,1m
2026-07-14T08:56:00,NIFTY 24000 PE 14 JUL 26,11.1,12.7,10.85,11.15,1665211665.0,64665965.0,11.15,11.2,2026-07-14T08:56:59.096857071,NIFTY,PE,24000.0,2026-07-14,upstox,16f88a93c2bc7d4fdd8ff2d0ddf87573ddda7ea9f1afa434f855b04e56d43cd0,1m
2026-07-14T08:57:00,NIFTY 24000 PE 14 JUL 26,11.2,15.0,11.05,14.85,1674400845.0,64443730.0,14.4,14.45,2026-07-14T08:57:59.239320040,NIFTY,PE,24000.0,2026-07-14,upstox,16f88a93c2bc7d4fdd8ff2d0ddf87573ddda7ea9f1afa434f855b04e56d43cd0,1m
2026-07-14T08:58:00,NIFTY 24000 PE 14 JUL 26,14.3,16.4,11.85,12.15,1693281395.0,63136905.0,11.85,11.9,2026-07-14T08:58:59.251539946,NIFTY,PE,24000.0,2026-07-14,upstox,16f88a93c2bc7d4fdd8ff2d0ddf87573ddda7ea9f1afa434f855b04e56d43cd0,1m
2026-07-14T08:59:00,NIFTY 24000 PE 14 JUL 26,12.25,15.5,12.25,14.6,1705775500.0,62679630.0,14.75,14.8,2026-07-14T08:59:59.300080061,NIFTY,PE,24000.0,2026-07-14,upstox,16f88a93c2bc7d4fdd8ff2d0ddf87573ddda7ea9f1afa434f855b04e56d43cd0,1m
2026-07-14T09:00:00,NIFTY 24000 PE 14 JUL 26,14.15,16.45,13.15,14.75,1721040230.0,62911680.0,14.8,14.85,2026-07-14T09:00:59.245040894,NIFTY,PE,24000.0,2026-07-14,upstox,16f88a93c2bc7d4fdd8ff2d0ddf87573ddda7ea9f1afa434f855b04e56d43cd0,1m
2026-07-14T09:01:00,NIFTY 24000 PE 14 JUL 26,14.8,14.9,13.45,13.75,1731162810.0,63851255.0,13.7,13.75,2026-07-14T09:01:59.544090033,NIFTY,PE,24000.0,2026-07-14,upstox,16f88a93c2bc7d4fdd8ff2d0ddf87573ddda7ea9f1afa434f855b04e56d43cd0,1m
2026-07-14T09:02:00,NIFTY 24000 PE 14 JUL 26,13.55,15.25,11.65,13.75,1747023460.0,63923210.0,13.8,13.85,2026-07-14T09:02:59.393568993,NIFTY,PE,24000.0,2026-07-14,upstox,16f88a93c2bc7d4fdd8ff2d0ddf87573ddda7ea9f1afa434f855b04e56d43cd0,1m
2026-07-14T09:03:00,NIFTY 24000 PE 14 JUL 26,13.7,14.95,12.2,14.1,1757017340.0,64664535.0,14.2,14.25,2026-07-14T09:03:59.490936041,NIFTY,PE,24000.0,2026-07-14,upstox,16f88a93c2bc7d4fdd8ff2d0ddf87573ddda7ea9f1afa434f855b04e56d43cd0,1m
2026-07-14T09:04:00,NIFTY 24000 PE 14 JUL 26,13.95,14.05,9.0,9.75,1773151575.0,65406835.0,9.75,9.8,2026-07-14T09:04:59.732141018,NIFTY,PE,24000.0,2026-07-14,upstox,16f88a93c2bc7d4fdd8ff2d0ddf87573ddda7ea9f1afa434f855b04e56d43cd0,1m
2026-07-14T09:05:00,NIFTY 24000 PE 14 JUL 26,9.55,9.55,6.15,7.75,1803051120.0,62695100.0,7.85,7.9,2026-07-14T09:05:59.558320045,NIFTY,PE,24000.0,2026-07-14,upstox,16f88a93c2bc7d4fdd8ff2d0ddf87573ddda7ea9f1afa434f855b04e56d43cd0,1m
2026-07-14T09:06:00,NIFTY 24000 PE 14 JUL 26,7.9,11.35,7.9,11.0,1820605995.0,64698920.0,11.0,11.05,2026-07-14T09:06:59.545546055,NIFTY,PE,24000.0,2026-07-14,upstox,16f88a93c2bc7d4fdd8ff2d0ddf87573ddda7ea9f1afa434f855b04e56d43cd0,1m
2026-07-14T09:07:00,NIFTY 24000 PE 14 JUL 26,11.25,12.35,10.4,11.25,1836605485.0,65473395.0,11.15,11.25,2026-07-14T09:07:59.568349838,NIFTY,PE,24000.0,2026-07-14,upstox,16f88a93c2bc7d4fdd8ff2d0ddf87573ddda7ea9f1afa434f855b04e56d43cd0,1m
2026-07-14T09:08:00,NIFTY 24000 PE 14 JUL 26,11.15,12.05,10.2,11.15,1846531570.0,65813735.0,11.05,11.1,2026-07-14T09:08:59.543613911,NIFTY,PE,24000.0,2026-07-14,upstox,16f88a93c2bc7d4fdd8ff2d0ddf87573ddda7ea9f1afa434f855b04e56d43cd0,1m
2026-07-14T09:09:00,NIFTY 24000 PE 14 JUL 26,11.2,11.75,7.9,9.4,1861870660.0,65617955.0,9.3,9.4,2026-07-14T09:09:59.860532999,NIFTY,PE,24000.0,2026-07-14,upstox,16f88a93c2bc7d4fdd8ff2d0ddf87573ddda7ea9f1afa434f855b04e56d43cd0,1m
2026-07-14T09:10:00,NIFTY 24000 PE 14 JUL 26,9.5,10.1,8.95,9.7,1869653565.0,66246050.0,9.65,9.7,2026-07-14T09:10:59.695368052,NIFTY,PE,24000.0,2026-07-14,upstox,16f88a93c2bc7d4fdd8ff2d0ddf87573ddda7ea9f1afa434f855b04e56d43cd0,1m
2026-07-14T09:11:00,NIFTY 24000 PE 14 JUL 26,10.05,10.35,8.25,9.05,1879634640.0,66649180.0,8.95,9.0,2026-07-14T09:11:59.706295967,NIFTY,PE,24000.0,2026-07-14,upstox,16f88a93c2bc7d4fdd8ff2d0ddf87573ddda7ea9f1afa434f855b04e56d43cd0,1m
2026-07-14T09:12:00,NIFTY 24000 PE 14 JUL 26,9.0,9.15,7.9,8.7,1889829565.0,67484820.0,8.65,8.7,2026-07-14T09:12:59.699992180,NIFTY,PE,24000.0,2026-07-14,upstox,16f88a93c2bc7d4fdd8ff2d0ddf87573ddda7ea9f1afa434f855b04e56d43cd0,1m
2026-07-14T09:13:00,NIFTY 24000 PE 14 JUL 26,8.75,10.05,8.25,9.55,1897924990.0,66941680.0,9.6,9.65,2026-07-14T09:13:59.768186092,NIFTY,PE,24000.0,2026-07-14,upstox,16f88a93c2bc7d4fdd8ff2d0ddf87573ddda7ea9f1afa434f855b04e56d43cd0,1m
2026-07-14T09:14:00,NIFTY 24000 PE 14 JUL 26,9.6,11.1,9.45,9.95,1907297795.0,66761305.0,9.85,9.9,2026-07-14T09:14:59.839864016,NIFTY,PE,24000.0,2026-07-14,upstox,16f88a93c2bc7d4fdd8ff2d0ddf87573ddda7ea9f1afa434f855b04e56d43cd0,1m
2026-07-14T09:15:00,NIFTY 24000 PE 14 JUL 26,10.15,13.0,10.15,12.05,1922865490.0,65160940.0,11.9,11.95,2026-07-14T09:15:59.843569994,NIFTY,PE,24000.0,2026-07-14,upstox,16f88a93c2bc7d4fdd8ff2d0ddf87573ddda7ea9f1afa434f855b04e56d43cd0,1m
2026-07-14T09:16:00,NIFTY 24000 PE 14 JUL 26,11.95,13.45,10.7,13.45,1937124410.0,64621180.0,13.35,13.45,2026-07-14T09:16:59.842437029,NIFTY,PE,24000.0,2026-07-14,upstox,16f88a93c2bc7d4fdd8ff2d0ddf87573ddda7ea9f1afa434f855b04e56d43cd0,1m
2026-07-14T09:17:00,NIFTY 24000 PE 14 JUL 26,13.0,19.15,12.05,19.15,1970405385.0,61631830.0,19.35,19.4,2026-07-14T09:17:59.900613785,NIFTY,PE,24000.0,2026-07-14,upstox,16f88a93c2bc7d4fdd8ff2d0ddf87573ddda7ea9f1afa434f855b04e56d43cd0,1m
2026-07-14T09:18:00,NIFTY 24000 PE 14 JUL 26,19.1,20.4,14.3,16.45,2013861005.0,58244875.0,16.45,16.55,2026-07-14T09:18:59.375229836,NIFTY,PE,24000.0,2026-07-14,upstox,16f88a93c2bc7d4fdd8ff2d0ddf87573ddda7ea9f1afa434f855b04e56d43cd0,1m
2026-07-14T09:19:00,NIFTY 24000 PE 14 JUL 26,15.4,17.55,13.15,16.7,2038251280.0,59922395.0,16.55,16.6,2026-07-14T09:19:58.948685169,NIFTY,PE,24000.0,2026-07-14,upstox,16f88a93c2bc7d4fdd8ff2d0ddf87573ddda7ea9f1afa434f855b04e56d43cd0,1m
2026-07-14T09:20:00,NIFTY 24000 PE 14 JUL 26,16.0,17.55,14.4,15.9,2058750330.0,60574670.0,16.15,16.2,2026-07-14T09:20:58.946151972,NIFTY,PE,24000.0,2026-07-14,upstox,16f88a93c2bc7d4fdd8ff2d0ddf87573ddda7ea9f1afa434f855b04e56d43cd0,1m
2026-07-14T09:21:00,NIFTY 24000 PE 14 JUL 26,16.6,18.0,11.05,13.8,2088050185.0,60199165.0,13.85,13.9,2026-07-14T09:21:59.850796938,NIFTY,PE,24000.0,2026-07-14,upstox,16f88a93c2bc7d4fdd8ff2d0ddf87573ddda7ea9f1afa434f855b04e56d43cd0,1m
2026-07-14T09:22:00,NIFTY 24000 PE 14 JUL 26,13.5,17.6,13.15,15.65,2113957040.0,60197345.0,15.5,15.6,2026-07-14T09:22:59.554889917,NIFTY,PE,24000.0,2026-07-14,upstox,16f88a93c2bc7d4fdd8ff2d0ddf87573ddda7ea9f1afa434f855b04e56d43cd0,1m
2026-07-14T09:23:00,NIFTY 24000 PE 14 JUL 26,15.7,17.15,14.65,15.45,2135035045.0,60003255.0,15.45,15.55,2026-07-14T09:23:59.696401834,NIFTY,PE,24000.0,2026-07-14,upstox,16f88a93c2bc7d4fdd8ff2d0ddf87573ddda7ea9f1afa434f855b04e56d43cd0,1m
2026-07-14T09:24:00,NIFTY 24000 PE 14 JUL 26,15.65,16.75,11.0,11.0,2155467145.0,59481045.0,11.3,11.35,2026-07-14T09:24:59.557593107,NIFTY,PE,24000.0,2026-07-14,upstox,16f88a93c2bc7d4fdd8ff2d0ddf87573ddda7ea9f1afa434f855b04e56d43cd0,1m
2026-07-14T09:25:00,NIFTY 24000 PE 14 JUL 26,11.5,15.1,10.0,10.55,2187615690.0,61280180.0,10.8,10.85,2026-07-14T09:25:59.399700880,NIFTY,PE,24000.0,2026-07-14,upstox,16f88a93c2bc7d4fdd8ff2d0ddf87573ddda7ea9f1afa434f855b04e56d43cd0,1m
2026-07-14T09:26:00,NIFTY 24000 PE 14 JUL 26,9.95,11.0,6.0,7.85,2236743665.0,62240945.0,8.0,8.05,2026-07-14T09:26:59.257704019,NIFTY,PE,24000.0,2026-07-14,upstox,16f88a93c2bc7d4fdd8ff2d0ddf87573ddda7ea9f1afa434f855b04e56d43cd0,1m
2026-07-14T09:27:00,NIFTY 24000 PE 14 JUL 26,7.5,9.85,7.35,7.85,2261302355.0,63697595.0,7.95,8.0,2026-07-14T09:27:59.261941910,NIFTY,PE,24000.0,2026-07-14,upstox,16f88a93c2bc7d4fdd8ff2d0ddf87573ddda7ea9f1afa434f855b04e56d43cd0,1m
2026-07-14T09:28:00,NIFTY 24000 PE 14 JUL 26,7.8,9.7,7.8,8.4,2278436875.0,63842805.0,8.4,8.45,2026-07-14T09:28:59.251435041,NIFTY,PE,24000.0,2026-07-14,upstox,16f88a93c2bc7d4fdd8ff2d0ddf87573ddda7ea9f1afa434f855b04e56d43cd0,1m
2026-07-14T09:29:00,NIFTY 24000 PE 14 JUL 26,7.95,11.9,7.95,11.9,2297064705.0,63446890.0,11.1,11.2,2026-07-14T09:29:59.262381077,NIFTY,PE,24000.0,2026-07-14,upstox,16f88a93c2bc7d4fdd8ff2d0ddf87573ddda7ea9f1afa434f855b04e56d43cd0,1m
2026-07-14T09:30:00,NIFTY 24000 PE 14 JUL 26,9.85,9.95,1.5,1.6,2370591145.0,57495360.0,1.6,1.65,2026-07-14T09:30:59.411602974,NIFTY,PE,24000.0,2026-07-14,upstox,16f88a93c2bc7d4fdd8ff2d0ddf87573ddda7ea9f1afa434f855b04e56d43cd0,1m
2026-07-14T09:31:00,NIFTY 24000 PE 14 JUL 26,1.5,2.7,0.95,0.95,2424358560.0,56559620.0,0.9,0.95,2026-07-14T09:31:59.406361103,NIFTY,PE,24000.0,2026-07-14,upstox,16f88a93c2bc7d4fdd8ff2d0ddf87573ddda7ea9f1afa434f855b04e56d43cd0,1m
2026-07-14T09:32:00,NIFTY 24000 PE 14 JUL 26,0.95,1.0,0.75,0.8,2469098710.0,54389660.0,0.75,0.8,2026-07-14T09:32:59.649985075,NIFTY,PE,24000.0,2026-07-14,upstox,16f88a93c2bc7d4fdd8ff2d0ddf87573ddda7ea9f1afa434f855b04e56d43cd0,1m
2026-07-14T09:33:00,NIFTY 24000 PE 14 JUL 26,0.7,0.85,0.4,0.45,2494578255.0,51689430.0,0.4,0.45,2026-07-14T09:33:59.404706955,NIFTY,PE,24000.0,2026-07-14,upstox,16f88a93c2bc7d4fdd8ff2d0ddf87573ddda7ea9f1afa434f855b04e56d43cd0,1m
2026-07-14T09:34:00,NIFTY 24000 PE 14 JUL 26,0.4,0.45,0.35,0.35,2510363960.0,48671090.0,0.35,0.4,2026-07-14T09:34:59.546804905,NIFTY,PE,24000.0,2026-07-14,upstox,16f88a93c2bc7d4fdd8ff2d0ddf87573ddda7ea9f1afa434f855b04e56d43cd0,1m
2026-07-14T09:35:00,NIFTY 24000 PE 14 JUL 26,0.4,0.4,0.3,0.3,2523921075.0,47426665.0,0.3,0.35,2026-07-14T09:35:59.563060999,NIFTY,PE,24000.0,2026-07-14,upstox,16f88a93c2bc7d4fdd8ff2d0ddf87573ddda7ea9f1afa434f855b04e56d43cd0,1m
2026-07-14T09:36:00,NIFTY 24000 PE 14 JUL 26,0.35,0.35,0.25,0.25,2537436980.0,43806360.0,0.25,0.3,2026-07-14T09:36:59.768752813,NIFTY,PE,24000.0,2026-07-14,upstox,16f88a93c2bc7d4fdd8ff2d0ddf87573ddda7ea9f1afa434f855b04e56d43cd0,1m
2026-07-14T09:37:00,NIFTY 24000 PE 14 JUL 26,0.3,0.3,0.2,0.2,2554603805.0,40132820.0,0.2,0.25,2026-07-14T09:37:59.695386171,NIFTY,PE,24000.0,2026-07-14,upstox,16f88a93c2bc7d4fdd8ff2d0ddf87573ddda7ea9f1afa434f855b04e56d43cd0,1m
2026-07-14T09:38:00,NIFTY 24000 PE 14 JUL 26,0.2,0.25,0.2,0.2,2560802140.0,40132820.0,0.2,0.25,2026-07-14T09:38:59.992529869,NIFTY,PE,24000.0,2026-07-14,upstox,16f88a93c2bc7d4fdd8ff2d0ddf87573ddda7ea9f1afa434f855b04e56d43cd0,1m
2026-07-14T09:39:00,NIFTY 24000 PE 14 JUL 26,0.25,0.25,0.2,0.25,2565470505.0,37588785.0,0.2,0.25,2026-07-14T09:39:59.735677958,NIFTY,PE,24000.0,2026-07-14,upstox,16f88a93c2bc7d4fdd8ff2d0ddf87573ddda7ea9f1afa434f855b04e56d43cd0,1m
2026-07-14T09:40:00,NIFTY 24000 PE 14 JUL 26,0.2,0.25,0.15,0.2,2570073610.0,37588785.0,0.15,0.2,2026-07-14T09:40:59.732684135,NIFTY,PE,24000.0,2026-07-14,upstox,16f88a93c2bc7d4fdd8ff2d0ddf87573ddda7ea9f1afa434f855b04e56d43cd0,1m
2026-07-14T09:41:00,NIFTY 24000 PE 14 JUL 26,0.15,0.2,0.15,0.15,2574028470.0,36616775.0,0.15,0.2,2026-07-14T09:41:59.698998928,NIFTY,PE,24000.0,2026-07-14,upstox,16f88a93c2bc7d4fdd8ff2d0ddf87573ddda7ea9f1afa434f855b04e56d43cd0,1m
2026-07-14T09:42:00,NIFTY 24000 PE 14 JUL 26,0.15,0.25,0.15,0.2,2581081815.0,35937460.0,0.2,0.25,2026-07-14T09:42:59.708328009,NIFTY,PE,24000.0,2026-07-14,upstox,16f88a93c2bc7d4fdd8ff2d0ddf87573ddda7ea9f1afa434f855b04e56d43cd0,1m
2026-07-14T09:43:00,NIFTY 24000 PE 14 JUL 26,0.2,0.25,0.15,0.25,2589116400.0,34420880.0,0.2,0.25,2026-07-14T09:43:59.896877050,NIFTY,PE,24000.0,2026-07-14,upstox,16f88a93c2bc7d4fdd8ff2d0ddf87573ddda7ea9f1afa434f855b04e56d43cd0,1m
2026-07-14T09:44:00,NIFTY 24000 PE 14 JUL 26,0.25,0.25,0.15,0.2,2594256080.0,34375705.0,0.15,0.2,2026-07-14T09:44:59.898650169,NIFTY,PE,24000.0,2026-07-14,upstox,16f88a93c2bc7d4fdd8ff2d0ddf87573ddda7ea9f1afa434f855b04e56d43cd0,1m
2026-07-14T09:45:00,NIFTY 24000 PE 14 JUL 26,0.2,0.2,0.15,0.15,2598145420.0,35457630.0,0.15,0.2,2026-07-14T09:45:59.877903223,NIFTY,PE,24000.0,2026-07-14,upstox,16f88a93c2bc7d4fdd8ff2d0ddf87573ddda7ea9f1afa434f855b04e56d43cd0,1m
2026-07-14T09:46:00,NIFTY 24000 PE 14 JUL 26,0.2,0.2,0.15,0.15,2602610985.0,34269885.0,0.15,0.2,2026-07-14T09:46:59.851319075,NIFTY,PE,24000.0,2026-07-14,upstox,16f88a93c2bc7d4fdd8ff2d0ddf87573ddda7ea9f1afa434f855b04e56d43cd0,1m
2026-07-14T09:47:00,NIFTY 24000 PE 14 JUL 26,0.15,0.2,0.1,0.1,2609178520.0,34568105.0,0.1,0.15,2026-07-14T09:47:59.866767883,NIFTY,PE,24000.0,2026-07-14,upstox,16f88a93c2bc7d4fdd8ff2d0ddf87573ddda7ea9f1afa434f855b04e56d43cd0,1m
2026-07-14T09:48:00,NIFTY 24000 PE 14 JUL 26,0.15,0.15,0.1,0.1,2612474930.0,34374340.0,0.1,0.15,2026-07-14T09:48:58.997919083,NIFTY,PE,24000.0,2026-07-14,upstox,16f88a93c2bc7d4fdd8ff2d0ddf87573ddda7ea9f1afa434f855b04e56d43cd0,1m
2026-07-14T09:49:00,NIFTY 24000 PE 14 JUL 26,0.1,0.15,0.1,0.15,2615710760.0,34206445.0,0.1,0.15,2026-07-14T09:49:58.954422951,NIFTY,PE,24000.0,2026-07-14,upstox,16f88a93c2bc7d4fdd8ff2d0ddf87573ddda7ea9f1afa434f855b04e56d43cd0,1m
2026-07-14T09:50:00,NIFTY 24000 PE 14 JUL 26,0.1,0.15,0.1,0.15,2620066345.0,34037770.0,0.1,0.15,2026-07-14T09:50:59.997251034,NIFTY,PE,24000.0,2026-07-14,upstox,16f88a93c2bc7d4fdd8ff2d0ddf87573ddda7ea9f1afa434f855b04e56d43cd0,1m
2026-07-14T09:51:00,NIFTY 24000 PE 14 JUL 26,0.1,0.15,0.05,0.05,2628094755.0,33572175.0,0.05,0.1,2026-07-14T09:51:59.103410006,NIFTY,PE,24000.0,2026-07-14,upstox,16f88a93c2bc7d4fdd8ff2d0ddf87573ddda7ea9f1afa434f855b04e56d43cd0,1m
2026-07-14T09:52:00,NIFTY 24000 PE 14 JUL 26,0.1,0.1,0.05,0.1,2631375240.0,32819605.0,0.05,0.1,2026-07-14T09:52:59.549968958,NIFTY,PE,24000.0,2026-07-14,upstox,16f88a93c2bc7d4fdd8ff2d0ddf87573ddda7ea9f1afa434f855b04e56d43cd0,1m
2026-07-14T09:53:00,NIFTY 24000 PE 14 JUL 26,0.1,0.1,0.05,0.1,2633968220.0,31855460.0,0.05,0.1,2026-07-14T09:53:59.305562019,NIFTY,PE,24000.0,2026-07-14,upstox,16f88a93c2bc7d4fdd8ff2d0ddf87573ddda7ea9f1afa434f855b04e56d43cd0,1m
2026-07-14T09:54:00,NIFTY 24000 PE 14 JUL 26,0.05,0.1,0.05,0.1,2636762505.0,31645055.0,0.05,0.1,2026-07-14T09:54:59.709502935,NIFTY,PE,24000.0,2026-07-14,upstox,16f88a93c2bc7d4fdd8ff2d0ddf87573ddda7ea9f1afa434f855b04e56d43cd0,1m
2026-07-14T09:55:00,NIFTY 24000 PE 14 JUL 26,0.1,0.1,0.05,0.05,2638706135.0,31352880.0,0.05,0.1,2026-07-14T09:55:59.404744864,NIFTY,PE,24000.0,2026-07-14,upstox,16f88a93c2bc7d4fdd8ff2d0ddf87573ddda7ea9f1afa434f855b04e56d43cd0,1m
2026-07-14T09:56:00,NIFTY 24000 PE 14 JUL 26,0.05,0.1,0.05,0.05,2640416935.0,30416230.0,0.05,0.1,2026-07-14T09:56:59.947909832,NIFTY,PE,24000.0,2026-07-14,upstox,16f88a93c2bc7d4fdd8ff2d0ddf87573ddda7ea9f1afa434f855b04e56d43cd0,1m
2026-07-14T09:57:00,NIFTY 24000 PE 14 JUL 26,0.05,0.1,0.05,0.05,2643835675.0,30366375.0,0.05,0.1,2026-07-14T09:57:59.553949833,NIFTY,PE,24000.0,2026-07-14,upstox,16f88a93c2bc7d4fdd8ff2d0ddf87573ddda7ea9f1afa434f855b04e56d43cd0,1m
2026-07-14T09:58:00,NIFTY 24000 PE 14 JUL 26,0.1,0.1,0.05,0.05,2647205340.0,28071420.0,0.05,0.1,2026-07-14T09:58:59.487567186,NIFTY,PE,24000.0,2026-07-14,upstox,16f88a93c2bc7d4fdd8ff2d0ddf87573ddda7ea9f1afa434f855b04e56d43cd0,1m
2026-07-14T09:59:00,NIFTY 24000 PE 14 JUL 26,0.1,0.1,0.05,0.05,2650994385.0,27251575.0,0.05,0.1,2026-07-14T09:59:25.356069088,NIFTY,PE,24000.0,2026-07-14,upstox,16f88a93c2bc7d4fdd8ff2d0ddf87573ddda7ea9f1afa434f855b04e56d43cd0,1m
